"item","study_id","sub_id","task","response","rater1","rater2","rater3","rater_mean","response_id","fs","prompt","jrt"
"building","study_4",9,"hypothesis","The plant life may have adapted to sustain itself",2,3,3,2.666666667,15686,0.168859089,"why there is plant growth in an abandoned building",0.414394278783475
"building","study_4",9,"hypothesis","The plant life might be getting indirect sunlight through doorways or windows",2,3,2,2.333333333,15687,0.022105564,"why there is plant growth in an abandoned building",0.0972330878254381
"building","study_4",9,"hypothesis","The plant life might not need any direct sunlight",2,2,2,2,15688,-0.299260584,"why there is plant growth in an abandoned building",-0.525050470132221
"building","study_4",21,"hypothesis","They have adapted to their environment",2,2,3,2.333333333,15962,-0.152507059,"why there is plant growth in an abandoned building",-0.192003161191187
"building","study_4",79,"hypothesis","These plants live off of dust.",4,4,4,4,17587,0.913342639,"why there is plant growth in an abandoned building",1.64413904879864
"building","study_4",35,"hypothesis","The plants receive nutrients from another source rather than sunlight",2,3,3,2.666666667,16371,0.168859089,"why there is plant growth in an abandoned building",0.414394278783475
"building","study_4",67,"hypothesis","The plant dies in the sun",4,3,2,3,17301,0.298469441,"why there is plant growth in an abandoned building",0.588564644151372
"building","study_4",12,"hypothesis","If there is no sunlight then then plants must be able to grow in other places around the world.",2,3,3,2.666666667,15748,0.168859089,"why there is plant growth in an abandoned building",0.414394278783475
"building","study_4",35,"hypothesis","The plants adapted to receiving no direct sunlight and can now grow without it",2,2,3,2.333333333,16369,-0.152507059,"why there is plant growth in an abandoned building",-0.192003161191187
"building","study_4",21,"hypothesis","They are fake",3,3,1,2.333333333,15961,0.013533977,"why there is plant growth in an abandoned building",0.143473576981904
"building","study_4",10,"hypothesis","The planets have been moved there and they will eventually die",3,2,2,2.333333333,15712,-0.161078646,"why there is plant growth in an abandoned building",-0.174225127023173
"building","study_4",35,"hypothesis","The plants are a species that do not need direct sunlight in order to grow",2,2,2,2,16370,-0.299260584,"why there is plant growth in an abandoned building",-0.525050470132221
"building","study_4",55,"hypothesis","The plant life is specific to their environment.",2,3,3,2.666666667,16923,0.168859089,"why there is plant growth in an abandoned building",0.414394278783475
"building","study_4",6,"hypothesis","Maybe its a new type of plant that was created or grown",2,2,3,2.333333333,15630,-0.152507059,"why there is plant growth in an abandoned building",-0.192003161191187
"building","study_4",103,"hypothesis","the building was probalby very dirty before it was abandoned and therefore has a lot of dirt/various nutrients the plants need to survive",2,3,3,2.666666667,18224,0.168859089,"why there is plant growth in an abandoned building",0.414394278783475
"building","study_4",71,"hypothesis","These plants do not need sunlight and that is why they grew in an area that does not have any direct light",2,2,2,2,17391,-0.299260584,"why there is plant growth in an abandoned building",-0.525050470132221
"building","study_4",51,"hypothesis","The decaying material of the building may provide a good soil for different kinds of plant life",2,4,3,3,16822,0.490225237,"why there is plant growth in an abandoned building",0.866730996624429
"building","study_4",12,"hypothesis","If there is no sunlight then the plants must be able to live off of something else.",2,2,3,2.333333333,15747,-0.152507059,"why there is plant growth in an abandoned building",-0.192003161191187
"building","study_4",90,"hypothesis","there is a hidden source of unnatural light in the building",3,2,3,2.666666667,17892,-0.01432512,"why there is plant growth in an abandoned building",0.16933166843992
"building","study_4",3,"hypothesis","The soil that kinds of plant grow at is different.",2,3,3,2.666666667,15561,0.168859089,"why there is plant growth in an abandoned building",0.414394278783475
"building","study_4",92,"hypothesis","their is a different type of soil used that has not been used till them.",2,3,3,2.666666667,17950,0.168859089,"why there is plant growth in an abandoned building",0.414394278783475
"building","study_4",85,"hypothesis","plants in here do not contain chloroplasts",2,5,4,3.666666667,17762,0.958344909,"why there is plant growth in an abandoned building",1.54793096142848
"building","study_4",79,"hypothesis","Theres plants live off of mold.",NA,4,4,4,17586,0.820559319,"why there is plant growth in an abandoned building",1.46433829823507
"building","study_4",98,"hypothesis","the plants recieve a suffiecient amount of water",2,2,3,2.333333333,18097,-0.152507059,"why there is plant growth in an abandoned building",-0.192003161191187
"building","study_4",24,"hypothesis","The planets still grow because the abandoned building has other elements to offer them to make the planets grow",3,3,3,3,16039,0.307041027,"why there is plant growth in an abandoned building",0.690466144311051
"building","study_4",21,"hypothesis","These plants only need little sunlight to survive",1,2,2,1.666666667,15960,-0.437442523,"why there is plant growth in an abandoned building",-0.892152012790597
"building","study_4",56,"hypothesis","Predatory plants",3,5,2,3.333333333,16950,0.803019797,"why there is plant growth in an abandoned building",1.08765882215653
"building","study_4",24,"hypothesis","The planets do not require photosynthesis to grow",3,3,2,2.666666667,16037,0.160287502,"why there is plant growth in an abandoned building",0.392834367922429
"building","study_4",39,"hypothesis","This building might be filled with a chemical that is essential to the plant growth.",5,3,4,4,16494,0.73015843,"why there is plant growth in an abandoned building",1.32102343342472
"building","study_4",98,"hypothesis","the plants dont need a lot of sunlight to grow and stay alive",2,2,2,2,18096,-0.299260584,"why there is plant growth in an abandoned building",-0.525050470132221
"building","study_4",108,"hypothesis","the plant evolved in such a way that it requires no sunlight",3,2,2,2.333333333,18351,-0.161078646,"why there is plant growth in an abandoned building",-0.174225127023173
"building","study_4",12,"hypothesis","If these plants can live without sunlight then they can be useful for the human race.",1,4,3,2.666666667,15749,0.352043298,"why there is plant growth in an abandoned building",0.670295006783168
"building","study_4",4,"hypothesis","The plants share similar properties to plants on ocean beds",5,3,4,4,15587,0.73015843,"why there is plant growth in an abandoned building",1.32102343342472
"building","study_4",103,"hypothesis","This building was probably abandoned in a rush and not properly cleaned out before leaving",3,3,2,2.666666667,18226,0.160287502,"why there is plant growth in an abandoned building",0.392834367922429
"building","study_4",3,"hypothesis","There are kinds of new plant life that can grow up without direct sunlight.",2,2,2,2,15562,-0.299260584,"why there is plant growth in an abandoned building",-0.525050470132221
"building","study_4",92,"hypothesis","They add vitamins to the water before watering the flowers.",3,4,3,3.333333333,17952,0.628407175,"why there is plant growth in an abandoned building",1.13388783765029
"building","study_4",37,"hypothesis","The plants are surviving off another form of energy other than direct sunlight.",3,3,3,3,16434,0.307041027,"why there is plant growth in an abandoned building",0.690466144311051
"building","study_4",24,"hypothesis","The planets grow better without sunlight",3,2,2,2.333333333,16038,-0.161078646,"why there is plant growth in an abandoned building",-0.174225127023173
"building","study_4",98,"hypothesis","the plants are able to grow without sunlight",2,2,2,2,18095,-0.299260584,"why there is plant growth in an abandoned building",-0.525050470132221
"building","study_4",39,"hypothesis","These plants were made elsewhere and were trans",3,3,NA,3,16493,0.215831138,"why there is plant growth in an abandoned building",0.514206191110664
"building","study_4",72,"hypothesis","If there are many kinds of plant life in the building, there must be pollinators living near the building.",4,4,5,4.333333333,17418,1.060096164,"why there is plant growth in an abandoned building",1.74955165135778
"building","study_4",78,"hypothesis","If these plant life require no direct sunlight to grow, then the plants may have adapted to take in extra gases in substitution of direct sunlight to gain the nutrients needed to grow",3,5,3,3.666666667,17567,0.949773323,"why there is plant growth in an abandoned building",1.47786024092044
"building","study_4",66,"hypothesis","If there is living things they must have been given water because that's what they need.",1,2,3,2,17265,-0.290688997,"why there is plant growth in an abandoned building",-0.549730742614752
"building","study_4",20,"hypothesis","They do not need light very much",1,2,2,1.666666667,15942,-0.437442523,"why there is plant growth in an abandoned building",-0.892152012790597
"building","study_4",66,"hypothesis","If there is plant life then there is a reason beause plants need water and sunlight to survive.",2,1,1,1.333333333,17266,-0.767380257,"why there is plant growth in an abandoned building",-1.65982791426348
"building","study_4",3,"hypothesis","The plant reveived some indirect sunlight.",2,3,2,2.333333333,15560,0.022105564,"why there is plant growth in an abandoned building",0.0972330878254381
"building","study_4",79,"hypothesis","The plant can reproduce without sun or water",4,2,2,2.666666667,17585,-0.022896707,"why there is plant growth in an abandoned building",-0.00594347946652664
"building","study_4",4,"hypothesis","The plants stretch out horizontally, to obtai",NA,3,NA,3,15588,0.16387815,"why there is plant growth in an abandoned building",0.386522290978887
"building","study_4",8,"hypothesis","The plants that grew in the building probably don't need a lot of sunlight to survive",2,2,2,2,15670,-0.299260584,"why there is plant growth in an abandoned building",-0.525050470132221
"building","study_4",45,"hypothesis","It there is chemicals lin the environement then the orgainsms could be using chemicals for energy?",2,4,NA,3,16664,0.425720133,"why there is plant growth in an abandoned building",0.66795754338036
"building","study_4",103,"hypothesis","the building is a nutrient rich, damp environment",3,3,3,3,18223,0.307041027,"why there is plant growth in an abandoned building",0.690466144311051
"building","study_4",17,"hypothesis","The sun could also be shining through the windows",2,3,3,2.666666667,15865,0.168859089,"why there is plant growth in an abandoned building",0.414394278783475
"building","study_4",117,"hypothesis","Some of these plants must be fungi",3,3,4,3.333333333,18592,0.453794553,"why there is plant growth in an abandoned building",0.877370398224682
"building","study_4",39,"hypothesis","These plants are genetically engineered to not need direct sunlight.",4,4,3,3.666666667,16490,0.766589114,"why there is plant growth in an abandoned building",1.38721413959545
"building","study_4",51,"hypothesis","Dominante species of plant life may have taken over species that were less dominante",2,4,3,3,16821,0.490225237,"why there is plant growth in an abandoned building",0.866730996624429
"building","study_4",78,"hypothesis","If these plants require no sunlight to grow, then the theory of survival of the fittest may have led a new type of plant life to develop over an extended amount of time",2,5,3,3.333333333,17568,0.811591384,"why there is plant growth in an abandoned building",1.18284257492424
"building","study_4",108,"hypothesis","different type of plant that doesnt use photosynthesis",2,3,3,2.666666667,18348,0.168859089,"why there is plant growth in an abandoned building",0.414394278783475
"building","study_4",117,"hypothesis","There must be water that can get to the plants",NA,2,3,2.5,18593,-0.095510854,"why there is plant growth in an abandoned building",-0.0503625538488029
"building","study_4",4,"hypothesis","The plants have extremely long roots to obtain minerals deep underground",5,5,4,4.666666667,15586,1.372890725,"why there is plant growth in an abandoned building",2.46479660560173
"building","study_4",85,"hypothesis","plants in here do not require much maintenence",2,2,2,2,17763,-0.299260584,"why there is plant growth in an abandoned building",-0.525050470132221
"building","study_4",75,"hypothesis","Maybe there are some kind of water source in the building.",3,2,3,2.666666667,17504,-0.01432512,"why there is plant growth in an abandoned building",0.16933166843992
"building","study_4",92,"hypothesis","These are a new species of plants that are being designed without the use of sun.",2,2,2,2,17951,-0.299260584,"why there is plant growth in an abandoned building",-0.525050470132221
"building","study_4",62,"hypothesis","Is there moisture in the building that could have led to fungus or bacteria?",3,3,NA,3,17129,0.215831138,"why there is plant growth in an abandoned building",0.514206191110664
"building","study_4",10,"hypothesis","These plants don't need direct sunlight to grow",2,2,2,2,15713,-0.299260584,"why there is plant growth in an abandoned building",-0.525050470132221
"building","study_4",9,"hypothesis","There might be a visitor helping the plant life survive",NA,2,3,2.5,15689,-0.095510854,"why there is plant growth in an abandoned building",-0.0503625538488029
"building","study_4",33,"hypothesis","There is new species of plants coming about",2,3,2,2.333333333,16321,0.022105564,"why there is plant growth in an abandoned building",0.0972330878254381
"building","study_4",72,"hypothesis","If the abandoned building receives no diret sunlight, then the plants use a different resource for nutrients.",2,3,3,2.666666667,17417,0.168859089,"why there is plant growth in an abandoned building",0.414394278783475
"building","study_4",72,"hypothesis","If the abandoned building is filled with many kinds of plant life, then the building must have been abandoned at least five years ago.",2,3,2,2.333333333,17416,0.022105564,"why there is plant growth in an abandoned building",0.0972330878254381
"building","study_4",39,"hypothesis","these plants might contain something vital to human life.",3,4,3,3.333333333,16492,0.628407175,"why there is plant growth in an abandoned building",1.13388783765029
"building","study_4",71,"hypothesis","The plants have evolved to not require sunlight",3,2,3,2.666666667,17390,-0.01432512,"why there is plant growth in an abandoned building",0.16933166843992
"building","study_4",52,"hypothesis","Someone exposed it to sunlight then put it back",3,3,3,3,16850,0.307041027,"why there is plant growth in an abandoned building",0.690466144311051
"building","study_4",109,"hypothesis","These plants are able to survive without sunlight.",2,2,2,2,18377,-0.299260584,"why there is plant growth in an abandoned building",-0.525050470132221
"building","study_4",103,"hypothesis","these plants probably thrive in dark environments and do not need sunlight",1,2,2,1.666666667,18225,-0.437442523,"why there is plant growth in an abandoned building",-0.892152012790597
"building","study_4",51,"hypothesis","The plants in this ecosystem may not photosynthesize",2,3,2,2.333333333,16824,0.022105564,"why there is plant growth in an abandoned building",0.0972330878254381
"building","study_4",51,"hypothesis","The soil in this abandoned building may be nutrient-rich",2,3,3,2.666666667,16825,0.168859089,"why there is plant growth in an abandoned building",0.414394278783475
"building","study_4",73,"hypothesis","It's been adandoned and has developed funguses and mold",3,3,4,3.333333333,17449,0.453794553,"why there is plant growth in an abandoned building",0.877370398224682
"building","study_4",55,"hypothesis","There is indirect sunlight that is enough for the plants to feed off of.",NA,2,3,2.5,16924,-0.095510854,"why there is plant growth in an abandoned building",-0.0503625538488029
"building","study_4",6,"hypothesis","Maybe someone comes to take are of the plants",4,2,3,3,15631,0.123856818,"why there is plant growth in an abandoned building",0.385195731785799
"building","study_4",28,"hypothesis","Someone intentionally placed these plants few hours before I came into the building",3,2,2,2.333333333,16158,-0.161078646,"why there is plant growth in an abandoned building",-0.174225127023173
"building","study_4",33,"hypothesis","There is another source of sunlight that plants are getting that the human eye can not see",5,2,3,3.333333333,16320,0.262038757,"why there is plant growth in an abandoned building",0.502815718500876
"building","study_4",54,"hypothesis","the plants growing in the building do not require last amounts of direct sunlight.",NA,2,2,2,16899,-0.265794504,"why there is plant growth in an abandoned building",-0.458112087866199
"building","study_4",63,"hypothesis","some people take care of them",4,2,4,3.333333333,17164,0.270610343,"why there is plant growth in an abandoned building",0.610722554187985
"building","study_4",28,"hypothesis","There may have been a reflective surface near the building that gave these plants little bit of sunglight",4,3,3,3.333333333,16159,0.445222966,"why there is plant growth in an abandoned building",0.90881115354593
"building","study_4",28,"hypothesis","These plants do not require sunlight",2,2,2,2,16160,-0.299260584,"why there is plant growth in an abandoned building",-0.525050470132221
"building","study_4",90,"hypothesis","these plants are illegal and someone had to hide them before being discovered, but brings light sources in",NA,4,3,3.5,17893,0.650275669,"why there is plant growth in an abandoned building",1.16697943522703
"building","study_4",26,"hypothesis","They receive water and have good soil to grow in.",2,2,3,2.333333333,16096,-0.152507059,"why there is plant growth in an abandoned building",-0.192003161191187
"building","study_4",62,"hypothesis","Could the building be made out of a material that plants can live off?",5,4,NA,4.5,17127,0.900698871,"why there is plant growth in an abandoned building",1.54651257143104
"building","study_4",14,"hypothesis","These types of plant life don't need a lot water and sunlight to survive.",3,2,2,2.333333333,15804,-0.161078646,"why there is plant growth in an abandoned building",-0.174225127023173
"building","study_4",55,"hypothesis","The plant life grows most efficiently in darkness.",2,3,2,2.333333333,16921,0.022105564,"why there is plant growth in an abandoned building",0.0972330878254381
"building","study_4",56,"hypothesis","Plants were brought here recently from outside",4,3,2,3,16949,0.298469441,"why there is plant growth in an abandoned building",0.588564644151372
"building","study_4",77,"hypothesis","Do the plants exhibit a genetic trait that allows survival in low sunlight conditions?",NA,4,NA,4,17546,0.601357921,"why there is plant growth in an abandoned building",1.02066302773262
"building","study_4",15,"hypothesis","these kinds of plant life don't need a lot of sunlight even could survive without sunlight",NA,2,2,2,15824,-0.265794504,"why there is plant growth in an abandoned building",-0.458112087866199
"building","study_4",47,"hypothesis","experimenting on a different type of gas that causes plant growth to flourish",3,5,3,3.666666667,16710,0.949773323,"why there is plant growth in an abandoned building",1.47786024092044
"building","study_4",47,"hypothesis","these plants are genetically modified to grow without sunlight",4,4,3,3.666666667,16711,0.766589114,"why there is plant growth in an abandoned building",1.38721413959545
"building","study_4",39,"hypothesis","These plants do not need direct sun to grow.",2,2,2,2,16491,-0.299260584,"why there is plant growth in an abandoned building",-0.525050470132221
"building","study_4",97,"hypothesis","The plant life may have adapted to the new environment",2,3,3,2.666666667,18070,0.168859089,"why there is plant growth in an abandoned building",0.414394278783475
"building","study_4",14,"hypothesis","Maybe they are a different type of organism.",4,4,2,3.333333333,15801,0.619835588,"why there is plant growth in an abandoned building",1.06904745082024
"building","study_4",13,"hypothesis","Thsse plants do not require direct sunlight",1,2,2,1.666666667,15773,-0.437442523,"why there is plant growth in an abandoned building",-0.892152012790597
"building","study_4",46,"hypothesis","The fertilizer and soil and other factors contribute to the plant's growth.",2,4,3,3,16686,0.490225237,"why there is plant growth in an abandoned building",0.866730996624429
"building","study_4",109,"hypothesis","These plants may only need minimal light source in order to survive.",1,2,2,1.666666667,18380,-0.437442523,"why there is plant growth in an abandoned building",-0.892152012790597
"building","study_4",7,"hypothesis","These plants have a mutation or some sort of genetic diversity that causes them to not need sunlight for photosynthesis or other major processes",4,4,4,4,15654,0.913342639,"why there is plant growth in an abandoned building",1.64413904879864
"building","study_4",36,"hypothesis","Is there a source of water?",2,NA,NA,2,16398,-0.148740275,"why there is plant growth in an abandoned building",-0.275329361359205
"building","study_4",55,"hypothesis","The plant life has adapted to their environment in order to survive.",2,3,3,2.666666667,16922,0.168859089,"why there is plant growth in an abandoned building",0.414394278783475
"building","study_4",85,"hypothesis","plants in this building are not light dependent",3,2,3,2.666666667,17764,-0.01432512,"why there is plant growth in an abandoned building",0.16933166843992
"building","study_4",77,"hypothesis","Does direct sunlight occur during another time period?",NA,4,NA,4,17548,0.601357921,"why there is plant growth in an abandoned building",1.02066302773262
"building","study_4",22,"hypothesis","this plant life is able to flourish on little to no sunlight",1,2,2,1.666666667,15990,-0.437442523,"why there is plant growth in an abandoned building",-0.892152012790597
"building","study_4",39,"hypothesis","Is there another source of direct light that could be happening without our knowledge",2,3,NA,2.5,16489,0.057504892,"why there is plant growth in an abandoned building",0.17396177748816
"building","study_4",47,"hypothesis","this building is a lab that belongs to a scientist doing research on plants",3,3,3,3,16713,0.307041027,"why there is plant growth in an abandoned building",0.690466144311051
"building","study_4",60,"hypothesis","The plants that have been growing may not need sunlight to live.",2,2,2,2,17064,-0.299260584,"why there is plant growth in an abandoned building",-0.525050470132221
"building","study_4",49,"hypothesis","someone comes in and caes for the plants unbeknownst to anyone",3,2,3,2.666666667,16767,-0.01432512,"why there is plant growth in an abandoned building",0.16933166843992
"building","study_4",33,"hypothesis","There were brought into the building already in adulthood",NA,2,2,2,16322,-0.265794504,"why there is plant growth in an abandoned building",-0.458112087866199
"building","study_4",101,"hypothesis","They eat each other.",4,5,4,4.333333333,18183,1.234708787,"why there is plant growth in an abandoned building",2.13801449686175
"building","study_4",24,"hypothesis","The planets still grow because they do not require light to grow",3,2,2,2.333333333,16040,-0.161078646,"why there is plant growth in an abandoned building",-0.174225127023173
"building","study_4",108,"hypothesis","moisture in the air",3,3,3,3,18350,0.307041027,"why there is plant growth in an abandoned building",0.690466144311051
"building","study_4",117,"hypothesis","These plants don't need a lot of nutrients to grow",2,3,3,2.666666667,18594,0.168859089,"why there is plant growth in an abandoned building",0.414394278783475
"building","study_4",2,"hypothesis","The high soil quality can cause plants to grow even if there is no sunlight.",2,4,3,3,15544,0.490225237,"why there is plant growth in an abandoned building",0.866730996624429
"building","study_4",2,"hypothesis","The rotten wood or other material from the building can cause plant life to grow",3,4,4,3.666666667,15545,0.7751607,"why there is plant growth in an abandoned building",1.37037104268327
"building","study_4",73,"hypothesis","Someones been coming into the building to grow and take care of plants",3,2,3,2.666666667,17451,-0.01432512,"why there is plant growth in an abandoned building",0.16933166843992
"building","study_4",6,"hypothesis","Maybe thes plants were genetically modified to grow wthout sunlight",2,4,4,3.333333333,15632,0.636978762,"why there is plant growth in an abandoned building",1.11366578687525
"building","study_4",6,"hypothesis","The plants aren't from earth.",4,5,2,3.666666667,15633,0.941201736,"why there is plant growth in an abandoned building",1.44022373875506
"building","study_4",60,"hypothesis","Panets do not always need sunlight to survive.",2,2,2,2,17063,-0.299260584,"why there is plant growth in an abandoned building",-0.525050470132221
"building","study_4",47,"hypothesis","these plants grew outside and were brought inside at the very last moment",3,2,2,2.333333333,16712,-0.161078646,"why there is plant growth in an abandoned building",-0.174225127023173
"building","study_4",60,"hypothesis","These plants have the ability to grow in an enviorment without sunlight.",2,2,2,2,17065,-0.299260584,"why there is plant growth in an abandoned building",-0.525050470132221
"building","study_4",26,"hypothesis","The plants where just placed there after being grow outside in sunlight.",4,2,2,2.666666667,16092,-0.022896707,"why there is plant growth in an abandoned building",-0.00594347946652664
"building","study_4",97,"hypothesis","The plants can be moss related and not need direct sunlight",3,3,3,3,18071,0.307041027,"why there is plant growth in an abandoned building",0.690466144311051
"building","study_4",82,"hypothesis","Somebody might be using the abandoned building as a horribly ineffective greenhouse.",3,4,3,3.333333333,17662,0.628407175,"why there is plant growth in an abandoned building",1.13388783765029
"building","study_4",14,"hypothesis","These plants find other ways to give themsleves energy verses using the sun.",2,3,3,2.666666667,15803,0.168859089,"why there is plant growth in an abandoned building",0.414394278783475
"building","study_4",79,"hypothesis","Sunlight kills these types of plants.",5,3,3,3.666666667,17584,0.583404904,"why there is plant growth in an abandoned building",1.04740354876377
"building","study_4",97,"hypothesis","There is a different root to groth other then photosynthesis",2,3,2,2.333333333,18073,0.022105564,"why there is plant growth in an abandoned building",0.0972330878254381
"building","study_4",121,"hypothesis","I believe that these plants are getting synthetic sunlight from a lamp of some sorts.",2,4,4,3.333333333,18693,0.636978762,"why there is plant growth in an abandoned building",1.11366578687525
"building","study_4",116,"hypothesis","Plant life thrived in humid conditions rather than sunlight causing the rapid growth of plants.",2,4,3,3,18571,0.490225237,"why there is plant growth in an abandoned building",0.866730996624429
"building","study_4",77,"hypothesis","Do the plants respond negatively to the introduction of direct sunlight (ex. death)",NA,3,NA,3,17547,0.16387815,"why there is plant growth in an abandoned building",0.386522290978887
"building","study_4",37,"hypothesis","The plants do not require photosynthesis to surive.",2,3,2,2.333333333,16435,0.022105564,"why there is plant growth in an abandoned building",0.0972330878254381
"building","study_4",27,"hypothesis","The plants are very self-sufficient",2,3,3,2.666666667,16130,0.168859089,"why there is plant growth in an abandoned building",0.414394278783475
"building","study_4",49,"hypothesis","maybe the building is not totally abandoned",3,2,3,2.666666667,16766,-0.01432512,"why there is plant growth in an abandoned building",0.16933166843992
"building","study_4",63,"hypothesis","inside the building is very humid",2,2,2,2,17163,-0.299260584,"why there is plant growth in an abandoned building",-0.525050470132221
"building","study_4",11,"hypothesis","Some plants can survive a long time without the need of direct sunlight.",3,2,2,2.333333333,15733,-0.161078646,"why there is plant growth in an abandoned building",-0.174225127023173
"building","study_4",20,"hypothesis","They coould generate some sources to replace the require of light",4,3,3,3.333333333,15941,0.445222966,"why there is plant growth in an abandoned building",0.90881115354593
"building","study_4",52,"hypothesis","Plants can do well without sunlight now",2,2,2,2,16849,-0.299260584,"why there is plant growth in an abandoned building",-0.525050470132221
"building","study_4",85,"hypothesis","plants do not undergo photosynthesis",2,3,2,2.333333333,17760,0.022105564,"why there is plant growth in an abandoned building",0.0972330878254381
"building","study_4",85,"hypothesis","plants here are an undiscovered type of species",2,3,2,2.333333333,17761,0.022105564,"why there is plant growth in an abandoned building",0.0972330878254381
"building","study_4",49,"hypothesis","the plants do not need sunlight to live",2,2,2,2,16769,-0.299260584,"why there is plant growth in an abandoned building",-0.525050470132221
"building","study_4",22,"hypothesis","there was proper nutrients to generate growth",NA,2,3,2.5,15988,-0.095510854,"why there is plant growth in an abandoned building",-0.0503625538488029
"building","study_4",48,"hypothesis","If plants grow without receiving any direct sunlight, then they have to be of a different l",1,2,NA,1.5,16732,-0.469036595,"why there is plant growth in an abandoned building",-1.02995947234969
"building","study_4",17,"hypothesis","The plants may have adapted to not relying on sunlight",3,2,3,2.666666667,15864,-0.01432512,"why there is plant growth in an abandoned building",0.16933166843992
"building","study_4",15,"hypothesis","there are indirect sunlight which could support plant life",2,2,3,2.333333333,15823,-0.152507059,"why there is plant growth in an abandoned building",-0.192003161191187
"building","study_4",33,"hypothesis","The plants in the building maybe some sort of different species of weeds",2,3,2,2.333333333,16319,0.022105564,"why there is plant growth in an abandoned building",0.0972330878254381
"building","study_4",69,"hypothesis","These plants do not require light.",2,2,2,2,17356,-0.299260584,"why there is plant growth in an abandoned building",-0.525050470132221
"building","study_4",69,"hypothesis","They existed somewhere else and were transported to the abandoned building.",3,2,2,2.333333333,17357,-0.161078646,"why there is plant growth in an abandoned building",-0.174225127023173
"building","study_4",98,"hypothesis","the building recently was damaged and blocked the sunlight that origianlly fueled the plants",5,3,2,3.333333333,18094,0.436651379,"why there is plant growth in an abandoned building",0.696174274053936
"building","study_4",24,"hypothesis","The planet have lived in the building for years, therefore they adopted new ways to grow and survive in those conditions",3,3,3,3,16036,0.307041027,"why there is plant growth in an abandoned building",0.690466144311051
"building","study_4",90,"hypothesis","the sunlight's rays still make their way into the building and are able to be absorbed by the plants",2,3,3,2.666666667,17891,0.168859089,"why there is plant growth in an abandoned building",0.414394278783475
"building","study_4",108,"hypothesis","maybe the plant is connected to another plant outside and thats how it recieves its light",4,5,4,4.333333333,18349,1.234708787,"why there is plant growth in an abandoned building",2.13801449686175
"building","study_4",28,"hypothesis","These plants may have grown up by feeding on other dead plants",5,4,4,4.333333333,16162,1.051524577,"why there is plant growth in an abandoned building",1.86993497244832
"building","study_4",28,"hypothesis","These plants might be fake plants",3,4,1,2.666666667,16163,0.334900125,"why there is plant growth in an abandoned building",0.572318824151325
"building","study_4",73,"hypothesis","It is recently abandoned and used to be a plant shop",3,3,3,3,17448,0.307041027,"why there is plant growth in an abandoned building",0.690466144311051
"building","study_4",24,"hypothesis","The planets use eachother's energy to grow",5,5,4,4.666666667,16041,1.372890725,"why there is plant growth in an abandoned building",2.46479660560173
"building","study_4",41,"hypothesis","plats share the space with other organisms that provide it with the needed energy to sustain its own life",4,4,4,4,16538,0.913342639,"why there is plant growth in an abandoned building",1.64413904879864
"building","study_4",56,"hypothesis","Someone comes and tends to them",3,2,3,2.666666667,16952,-0.01432512,"why there is plant growth in an abandoned building",0.16933166843992
"building","study_4",16,"hypothesis","Everyday a man comes into the abandoned building and brings the plants outside and then brings them inside when it is dark, which is why they are able to survive.",4,5,4,4.333333333,15836,1.234708787,"why there is plant growth in an abandoned building",2.13801449686175
"building","study_4",16,"hypothesis","The abandoned building contains living plants because the species of plants can live without direct sunlight.",2,2,2,2,15837,-0.299260584,"why there is plant growth in an abandoned building",-0.525050470132221
"building","study_4",87,"hypothesis","the plants use another source of energy than sunlinght",2,2,3,2.333333333,17822,-0.152507059,"why there is plant growth in an abandoned building",-0.192003161191187
"building","study_4",97,"hypothesis","Fungle organisms are acting as a muturalistic partener and helping the plants to survive",5,5,5,5,18069,1.51964425,"why there is plant growth in an abandoned building",2.72001448833075
"building","study_4",14,"hypothesis","Maybe someone planeted them there recently",4,3,2,3,15800,0.298469441,"why there is plant growth in an abandoned building",0.588564644151372
"building","study_4",82,"hypothesis","Plants may have evolved to not need light",2,2,3,2.333333333,17661,-0.152507059,"why there is plant growth in an abandoned building",-0.192003161191187
"building","study_4",38,"hypothesis","a new species of plants were discovered by someone but never presented to the world.",2,3,2,2.333333333,16465,0.022105564,"why there is plant growth in an abandoned building",0.0972330878254381
"building","study_4",26,"hypothesis","The top of the building receeds to allow direct sunlight.",3,3,3,3,16093,0.307041027,"why there is plant growth in an abandoned building",0.690466144311051
"building","study_4",75,"hypothesis","Maybe there are asome animals living in the abandoned building that is supported by the plant.",3,4,4,3.666666667,17503,0.7751607,"why there is plant growth in an abandoned building",1.37037104268327
"building","study_4",89,"hypothesis","The plants that are in the darkest corner of the building will be inferior in size to the others",2,3,3,2.666666667,17868,0.168859089,"why there is plant growth in an abandoned building",0.414394278783475
"building","study_4",62,"hypothesis","Do the plants in the building even require sunlight to grow?",NA,2,NA,2,17128,-0.273601621,"why there is plant growth in an abandoned building",-0.496846020253731
"building","study_4",94,"hypothesis","If an abandoned building is filled with plants and recieves no sunlight, then the plants must be categorized as fungi or protists.",2,4,5,3.666666667,17994,0.783732287,"why there is plant growth in an abandoned building",1.19058290202545
"building","study_4",79,"hypothesis","These plants live off of small insects giving them nutrients they need to grow.",3,5,5,4.333333333,17588,1.243280373,"why there is plant growth in an abandoned building",1.96645161835988
"building","study_4",121,"hypothesis","I believe that these plants have been genetically modified to be able to grow with no sunlight.",4,5,5,4.666666667,18695,1.381462312,"why there is plant growth in an abandoned building",2.3244727583927
"building","study_4",67,"hypothesis","The plant life are a new species",2,2,2,2,17302,-0.299260584,"why there is plant growth in an abandoned building",-0.525050470132221
"building","study_4",37,"hypothesis","The plants in the abandoned building can survive without direct sunlight.",3,2,2,2.333333333,16436,-0.161078646,"why there is plant growth in an abandoned building",-0.174225127023173
"building","study_4",49,"hypothesis","another naural source gives the plants life",3,3,3,3,16765,0.307041027,"why there is plant growth in an abandoned building",0.690466144311051
"building","study_4",104,"hypothesis","These plants get all the necessary nutrients from the soil",2,3,3,2.666666667,18250,0.168859089,"why there is plant growth in an abandoned building",0.414394278783475
"building","study_4",11,"hypothesis","Plants in this abandoned building were able to survive because they were of different species, and these might not need to receive the same amount of sun",4,2,2,2.666666667,15732,-0.022896707,"why there is plant growth in an abandoned building",-0.00594347946652664
"building","study_4",13,"hypothesis","These are unknown types of plants that dont not require sunlight.",2,2,2,2,15772,-0.299260584,"why there is plant growth in an abandoned building",-0.525050470132221
"building","study_4",104,"hypothesis","These plants get their nutrients from another source of light",3,3,3,3,18251,0.307041027,"why there is plant growth in an abandoned building",0.690466144311051
"building","study_4",109,"hypothesis","These plants have been genetically modified to not need direct sunlight for",4,4,4,4,18378,0.913342639,"why there is plant growth in an abandoned building",1.64413904879864
"building","study_4",109,"hypothesis","These plants may able to survive with sources other than direct sunlight.",2,3,3,2.666666667,18379,0.168859089,"why there is plant growth in an abandoned building",0.414394278783475
"building","study_4",7,"hypothesis","These plants have adapted to their environment and learned to survive in this environment",3,3,3,3,15655,0.307041027,"why there is plant growth in an abandoned building",0.690466144311051
"building","study_4",29,"hypothesis","The house was originally built around the plant life",2,3,2,2.333333333,16193,0.022105564,"why there is plant growth in an abandoned building",0.0972330878254381
"building","study_4",17,"hypothesis","Some one could be watering these plants themselves",4,2,3,3,15863,0.123856818,"why there is plant growth in an abandoned building",0.385195731785799
"building","study_4",22,"hypothesis","these plants are ones that grow very easily",NA,2,2,2,15989,-0.265794504,"why there is plant growth in an abandoned building",-0.458112087866199
"building","study_4",69,"hypothesis","There are other forms of light they are receiving.",NA,2,3,2.5,17355,-0.095510854,"why there is plant growth in an abandoned building",-0.0503625538488029
"building","study_4",85,"hypothesis","these plants are self sufficient",NA,3,3,3,17766,0.277382407,"why there is plant growth in an abandoned building",0.626571063907873
"building","study_4",85,"hypothesis","these plants can thrive in the shade",NA,2,2,2,17767,-0.265794504,"why there is plant growth in an abandoned building",-0.458112087866199
"building","study_4",54,"hypothesis","the plants may be living off of a symbiotic relationship with other organisms, such as algae etc",4,5,5,4.666666667,16900,1.381462312,"why there is plant growth in an abandoned building",2.3244727583927
"building","study_4",91,"hypothesis","The plants were grown outside then moved inside.",2,2,3,2.333333333,17930,-0.152507059,"why there is plant growth in an abandoned building",-0.192003161191187
"building","study_4",91,"hypothesis","These plants are not from eatsh, and therefore have different requirements for growth that do not involve access to sunlight.",2,4,3,3,17931,0.490225237,"why there is plant growth in an abandoned building",0.866730996624429
"building","study_4",28,"hypothesis","These plants may have been plants that grow on human bodies; feeding on them",4,5,3,4,16161,1.087955261,"why there is plant growth in an abandoned building",1.80390844432094
"building","study_4",51,"hypothesis","The failing structure of the building may provide gaps through which light can enter the building",2,3,3,2.666666667,16823,0.168859089,"why there is plant growth in an abandoned building",0.414394278783475
"building","study_4",4,"hypothesis","The plants are carnivorous and feed on insects to obtain nutrients",3,5,5,4.333333333,15585,1.243280373,"why there is plant growth in an abandoned building",1.96645161835988
"building","study_4",2,"hypothesis","Fungus or other forms of growth can cause a plant to grow.",5,5,5,5,15543,1.51964425,"why there is plant growth in an abandoned building",2.72001448833075
"building","study_4",101,"hypothesis","They only need water and air.",2,2,3,2.333333333,18185,-0.152507059,"why there is plant growth in an abandoned building",-0.192003161191187
"building","study_4",73,"hypothesis","Over time, plants have adapted to limited sunlight in order to grow",2,2,3,2.333333333,17450,-0.152507059,"why there is plant growth in an abandoned building",-0.192003161191187
"building","study_4",83,"hypothesis","If a building is abandoned, then plants do not need sunlight to flourish and grow.",1,2,3,2,17695,-0.290688997,"why there is plant growth in an abandoned building",-0.549730742614752
"building","study_4",27,"hypothesis","All plants that need light to survive died",4,3,2,3,16128,0.298469441,"why there is plant growth in an abandoned building",0.588564644151372
"building","study_4",80,"hypothesis","Even though the sunlight is not direct it is still indirect and perhaps these plants developed a way tosurvive with limited sunlight",2,3,3,2.666666667,17616,0.168859089,"why there is plant growth in an abandoned building",0.414394278783475
"building","study_4",27,"hypothesis","The building has always been dark, so the plants are accustumed to the darkness",3,2,3,2.666666667,16129,-0.01432512,"why there is plant growth in an abandoned building",0.16933166843992
"building","study_4",87,"hypothesis","the plants will not need to do photosynthesis to live",3,2,2,2.333333333,17823,-0.161078646,"why there is plant growth in an abandoned building",-0.174225127023173
"building","study_4",87,"hypothesis","there will be a compound inside of the building that makes it good for the plants to live",NA,3,2,2.5,17824,0.107098757,"why there is plant growth in an abandoned building",0.260342875916965
"building","study_4",19,"hypothesis","Are this plants genetically related to photosynthesizing plants?",NA,1,NA,1,15921,-0.711081391,"why there is plant growth in an abandoned building",-1.53265068738978
"building","study_4",59,"hypothesis","The plants prosper in the buildings dark environment.",2,2,2,2,17038,-0.299260584,"why there is plant growth in an abandoned building",-0.525050470132221
"building","study_4",26,"hypothesis","The planets there do not need sunlight to grow.",2,2,2,2,16091,-0.299260584,"why there is plant growth in an abandoned building",-0.525050470132221
"building","study_4",14,"hypothesis","Maybe they aren't plant life at all, but just look like what other plants we know look like.",4,5,1,3.333333333,15802,0.794448211,"why there is plant growth in an abandoned building",1.22679927541557
"building","study_4",55,"hypothesis","Not all of the plant life is suriving, but the life that is, does not need sunlight.",2,2,2,2,16919,-0.299260584,"why there is plant growth in an abandoned building",-0.525050470132221
"building","study_4",55,"hypothesis","The plant life does not need sunlight to grow.",2,2,2,2,16920,-0.299260584,"why there is plant growth in an abandoned building",-0.525050470132221
"building","study_4",50,"hypothesis","if there are plants in the abandon buidling then the plants are recieving nutrition",2,2,3,2.333333333,16797,-0.152507059,"why there is plant growth in an abandoned building",-0.192003161191187
"building","study_4",121,"hypothesis","I believe that these plants are taken outside during the day and then brought back in at night.",3,3,4,3.333333333,18694,0.453794553,"why there is plant growth in an abandoned building",0.877370398224682
"building","study_4",94,"hypothesis","If the plants can grow without sunlight, then they do not go through all of the steps of photosynthesis.",3,3,3,3,17995,0.307041027,"why there is plant growth in an abandoned building",0.690466144311051
"building","study_4",102,"hypothesis","if there is no direct sunlight and theplants are all alive, then sunlight is not a necessary component for these plant species to live.",2,2,3,2.333333333,18204,-0.152507059,"why there is plant growth in an abandoned building",-0.192003161191187
"building","study_4",5,"hypothesis","The building hasn't been abandoned for that long and the plants simply haven't died yet",3,3,1,2.333333333,15608,0.013533977,"why there is plant growth in an abandoned building",0.143473576981904
"building","study_4",1,"hypothesis","If plants dont have direct sunlight then there is a chance they did at some point which allows th",3,3,2,2.666666667,15524,0.160287502,"why there is plant growth in an abandoned building",0.392834367922429
"building","study_4",44,"hypothesis","the plants were grown with artificial sunlight or under artificial conditions",3,3,3,3,16642,0.307041027,"why there is plant growth in an abandoned building",0.690466144311051
"building","study_4",1,"hypothesis","What if these plants are dangerous then they would need to be exposed a certain type of wayy",NA,4,NA,4,15526,0.601357921,"why there is plant growth in an abandoned building",1.02066302773262
"building","study_4",20,"hypothesis","They can absorb light from other indirect way.",2,3,3,2.666666667,15940,0.168859089,"why there is plant growth in an abandoned building",0.414394278783475
"building","study_4",46,"hypothesis","The environment and conditions in the building allow the plants to survive.",2,2,3,2.333333333,16685,-0.152507059,"why there is plant growth in an abandoned building",-0.192003161191187
"building","study_4",46,"hypothesis","The plants receive nutrients from another source thay allows them to grow.",2,3,3,2.666666667,16688,0.168859089,"why there is plant growth in an abandoned building",0.414394278783475
"building","study_4",46,"hypothesis","The plants receive nutrients from the other plants around them.",4,3,3,3.333333333,16689,0.445222966,"why there is plant growth in an abandoned building",0.90881115354593
"building","study_4",22,"hypothesis","not all plantlife requires sunlight therefor it was able to grow",2,2,2,2,15987,-0.299260584,"why there is plant growth in an abandoned building",-0.525050470132221
"building","study_4",48,"hypothesis","If plants grow with receiving any direct sunlight, then they must be an unidentified plant species.",1,3,2,2,16731,-0.116076375,"why there is plant growth in an abandoned building",-0.168634829994695
"building","study_4",65,"hypothesis","Should there be life without light, life is elvolving",3,2,3,2.666666667,17227,-0.01432512,"why there is plant growth in an abandoned building",0.16933166843992
"building","study_4",29,"hypothesis","There are cracks in the building that allow light or rain to come in",2,2,3,2.333333333,16194,-0.152507059,"why there is plant growth in an abandoned building",-0.192003161191187
"building","study_4",29,"hypothesis","There are heat sources inside the building",3,3,3,3,16195,0.307041027,"why there is plant growth in an abandoned building",0.690466144311051
"building","study_4",29,"hypothesis","Windows in the building allow light",2,2,3,2.333333333,16196,-0.152507059,"why there is plant growth in an abandoned building",-0.192003161191187
"building","study_4",64,"hypothesis","Are these plants genetically engineered to not need sunlight?",NA,5,NA,5,17187,1.038837691,"why there is plant growth in an abandoned building",1.58433743211432
"building","study_4",91,"hypothesis","The plants growing inside are mutants that have the ability to grow without direct sunlight, but instead need constant shade",3,5,4,4,17929,1.096526848,"why there is plant growth in an abandoned building",1.8084131158046
"building","study_4",98,"hypothesis","the air is filled with nutrients that promote plant growth",4,3,3,3.333333333,18093,0.445222966,"why there is plant growth in an abandoned building",0.90881115354593
"building","study_4",76,"hypothesis","The plants survive better in damp, dark places.",2,2,2,2,17524,-0.299260584,"why there is plant growth in an abandoned building",-0.525050470132221
"building","study_4",101,"hypothesis","These plants do not need direct sunlight.",2,2,2,2,18182,-0.299260584,"why there is plant growth in an abandoned building",-0.525050470132221
"building","study_4",119,"hypothesis","Parts of the building are destroyed, leading to space for plant life",2,3,3,2.666666667,18633,0.168859089,"why there is plant growth in an abandoned building",0.414394278783475
"building","study_4",119,"hypothesis","The building was built on or near abundant plant life",3,4,3,3.333333333,18634,0.628407175,"why there is plant growth in an abandoned building",1.13388783765029
"building","study_4",78,"hypothesis","If these plants require no sunlight to grow, then they may have experienced some genetic mutations through radiation",3,5,4,4,17569,1.096526848,"why there is plant growth in an abandoned building",1.8084131158046
"building","study_4",90,"hypothesis","these plants have adapted using evolutionary techniques to need less light.",3,3,3,3,17894,0.307041027,"why there is plant growth in an abandoned building",0.690466144311051
"building","study_4",24,"hypothesis","The plants still grow because they have other nutrients",2,2,3,2.333333333,16042,-0.152507059,"why there is plant growth in an abandoned building",-0.192003161191187
"building","study_4",45,"hypothesis","If the plants mutated to not need light then they could survive?",3,3,NA,3,16663,0.215831138,"why there is plant growth in an abandoned building",0.514206191110664
"building","study_4",83,"hypothesis","If plants live in a dark place, then they no longer need sunlight due to adaptation.",2,3,4,3,17696,0.315612614,"why there is plant growth in an abandoned building",0.587403028391109
"building","study_4",83,"hypothesis","Without a lit area, plants will adapt and live off the darkness.",3,2,3,2.666666667,17697,-0.01432512,"why there is plant growth in an abandoned building",0.16933166843992
"building","study_4",21,"hypothesis","They have aquired this survival tactic through evolution",2,3,3,2.666666667,15963,0.168859089,"why there is plant growth in an abandoned building",0.414394278783475
"building","study_4",27,"hypothesis","The plants dont need a lot of water becuae no one is around to water them",2,2,2,2,16131,-0.299260584,"why there is plant growth in an abandoned building",-0.525050470132221
"building","study_4",27,"hypothesis","The plants have adapted to grow in the darkness",3,2,3,2.666666667,16132,-0.01432512,"why there is plant growth in an abandoned building",0.16933166843992
"building","study_4",68,"hypothesis","There could have been a growth lamp that was removed before I discovered the building.",NA,3,3,3,17332,0.277382407,"why there is plant growth in an abandoned building",0.626571063907873
"building","study_4",27,"hypothesis","There is little plant variation",NA,2,3,2.5,16133,-0.095510854,"why there is plant growth in an abandoned building",-0.0503625538488029
"building","study_4",53,"hypothesis","if there is a variety of plants they must have been growing for a long period of time",2,2,2,2,16876,-0.299260584,"why there is plant growth in an abandoned building",-0.525050470132221
"building","study_4",107,"hypothesis","could the plants be of a specific speciese that survives better with out direct sunlight",2,3,NA,2.5,18320,0.057504892,"why there is plant growth in an abandoned building",0.17396177748816
"building","study_4",97,"hypothesis","The plants may have been grown before the building was abandonded",4,2,2,2.666666667,18072,-0.022896707,"why there is plant growth in an abandoned building",-0.00594347946652664
"building","study_4",92,"hypothesis","Found ways to put all the nutrition needed from the sun into the soil.",1,3,4,2.666666667,17949,0.177430676,"why there is plant growth in an abandoned building",0.366093171022931
"building","study_4",121,"hypothesis","I believe that the building isn't abandoned and that someone takes care of the plants.",4,3,3,3.333333333,18692,0.445222966,"why there is plant growth in an abandoned building",0.90881115354593
"building","study_4",75,"hypothesis","Maybe there is some kind of reflection of light that can also support the plant.",4,3,3,3.333333333,17505,0.445222966,"why there is plant growth in an abandoned building",0.90881115354593
"building","study_4",31,"hypothesis","the previous owners may have brought the plant life to this ocation",NA,2,2,2,16259,-0.265794504,"why there is plant growth in an abandoned building",-0.458112087866199
"building","study_4",118,"hypothesis","The building must be recently abandoned, someone was keeping an indoor garden but left before moving the plants into the sunlight.",4,2,2,2.666666667,18614,-0.022896707,"why there is plant growth in an abandoned building",-0.00594347946652664
"building","study_4",77,"hypothesis","Does the plant survive when moved to other environments?",NA,3,NA,3,17549,0.16387815,"why there is plant growth in an abandoned building",0.386522290978887
"building","study_4",77,"hypothesis","Is there something in the building that provides a way for the plant to survive without direct sunlight?",3,2,NA,2.5,17550,-0.152384103,"why there is plant growth in an abandoned building",-0.145363115223595
"building","study_4",9,"hypothesis","There might be cracks in the walls of the building that allow the plants to get some sunlight",3,2,3,2.666666667,15690,-0.01432512,"why there is plant growth in an abandoned building",0.16933166843992
"building","study_4",5,"hypothesis","The plants receive some sunlight at different points of the day but not all the time",3,2,2,2.333333333,15609,-0.161078646,"why there is plant growth in an abandoned building",-0.174225127023173
"building","study_4",34,"hypothesis","There are lights set up to allow the plants to grow",3,2,3,2.666666667,16349,-0.01432512,"why there is plant growth in an abandoned building",0.16933166843992
"building","study_4",5,"hypothesis","There are very strong amounts of water and oxygen present",NA,3,3,3,15610,0.277382407,"why there is plant growth in an abandoned building",0.626571063907873
"building","study_4",65,"hypothesis","If plants are growing without sunlight, then they must require additional nutrients from other methods",3,4,3,3.333333333,17223,0.628407175,"why there is plant growth in an abandoned building",1.13388783765029
"building","study_4",52,"hypothesis","Someone gave it artificial sunlight",3,3,3,3,16851,0.307041027,"why there is plant growth in an abandoned building",0.690466144311051
"building","study_4",104,"hypothesis","These plants require very little to no sunlight to grow",1,2,2,1.666666667,18252,-0.437442523,"why there is plant growth in an abandoned building",-0.892152012790597
"building","study_4",86,"hypothesis","The plants do not contain the regular nutrients most plants in wildlife have.",4,3,3,3.333333333,17801,0.445222966,"why there is plant growth in an abandoned building",0.90881115354593
"building","study_4",29,"hypothesis","Something was planted underneath the building allowing plants to be grown",3,5,4,4,16192,1.096526848,"why there is plant growth in an abandoned building",1.8084131158046
"building","study_4",48,"hypothesis","If plants grow without recieving any direct sunlight, then they must not actually be plants.",4,4,2,3.333333333,16733,0.619835588,"why there is plant growth in an abandoned building",1.06904745082024
"building","study_4",17,"hypothesis","Rain could have come in through busted windows or other openings",3,3,3,3,15862,0.307041027,"why there is plant growth in an abandoned building",0.690466144311051
"building","study_4",48,"hypothesis","If plants grow without recieving direct sunlight, then there must be some other light source in the building.",3,3,3,3,16734,0.307041027,"why there is plant growth in an abandoned building",0.690466144311051
"building","study_4",48,"hypothesis","If the plants grow without recieving direct sunlight, then they must be some sort of alien plant life.",3,4,2,3,16735,0.48165365,"why there is plant growth in an abandoned building",0.811963135328436
"building","study_4",93,"hypothesis","If these plants were exposed to direct sunlight, they would not grow as well or mayeven die.",3,4,2,3,17970,0.48165365,"why there is plant growth in an abandoned building",0.811963135328436
"building","study_4",85,"hypothesis","these plants require water to survive",3,2,3,2.666666667,17768,-0.01432512,"why there is plant growth in an abandoned building",0.16933166843992
"building","study_4",101,"hypothesis","At some time, a miror appears to reflect light to them.",5,4,4,4.333333333,18180,1.051524577,"why there is plant growth in an abandoned building",1.86993497244832
"building","study_4",54,"hypothesis","the plants most probably get nutrition from moisture in the air and dampness in the surroundings.",3,3,3,3,16901,0.307041027,"why there is plant growth in an abandoned building",0.690466144311051
"building","study_4",115,"hypothesis","The plants have mutated that they do not need direct sunlight to produce energy",3,4,4,3.666666667,18550,0.7751607,"why there is plant growth in an abandoned building",1.37037104268327
"building","study_4",115,"hypothesis","this species of plants only need water to sustain life",2,2,3,2.333333333,18551,-0.152507059,"why there is plant growth in an abandoned building",-0.192003161191187
"building","study_4",32,"hypothesis","All the plats have been preserved since the building became abandoned",4,2,3,3,16282,0.123856818,"why there is plant growth in an abandoned building",0.385195731785799
"building","study_4",101,"hypothesis","They have life magic.",1,3,1,1.666666667,18184,-0.2628299,"why there is plant growth in an abandoned building",-0.563895192826844
"building","study_4",32,"hypothesis","This is a building that has special powers, so the plants don't need sunlight to grow",3,3,1,2.333333333,16284,0.013533977,"why there is plant growth in an abandoned building",0.143473576981904
"building","study_4",32,"hypothesis","This is a plant that grows in darkness not sunlight",1,2,2,1.666666667,16285,-0.437442523,"why there is plant growth in an abandoned building",-0.892152012790597
"building","study_4",114,"hypothesis","they could all be fake plants",3,3,1,2.333333333,18517,0.013533977,"why there is plant growth in an abandoned building",0.143473576981904
"building","study_4",41,"hypothesis","the plants grow faster when not insigh in sun",3,2,2,2.333333333,16540,-0.161078646,"why there is plant growth in an abandoned building",-0.174225127023173
"building","study_4",105,"hypothesis","the planets grow better in cold enviornments",3,4,3,3.333333333,18273,0.628407175,"why there is plant growth in an abandoned building",1.13388783765029
"building","study_4",16,"hypothesis","The abandoned building once recieved direct sunlight which is why the plants have grown, howeverhey will die soon.",4,3,2,3,15838,0.298469441,"why there is plant growth in an abandoned building",0.588564644151372
"building","study_4",16,"hypothesis","The plants can survive in the abandoned building because there is a light that stays on that mimics the affect of direct sunlight.",3,3,3,3,15839,0.307041027,"why there is plant growth in an abandoned building",0.690466144311051
"building","study_4",6,"hypothesis","The plants could've been growing from something that happened to the house",2,3,3,2.666666667,15635,0.168859089,"why there is plant growth in an abandoned building",0.414394278783475
"building","study_4",82,"hypothesis","Animals may carry plant life into the building accidentally.",2,4,4,3.333333333,17660,0.636978762,"why there is plant growth in an abandoned building",1.11366578687525
"building","study_4",53,"hypothesis","if the plants can grow and live they must be getting water from the ground",2,3,3,2.666666667,16874,0.168859089,"why there is plant growth in an abandoned building",0.414394278783475
"building","study_4",62,"hypothesis","Are there any bugs or insects in the building that could pollinate the plants",NA,4,NA,4,17126,0.601357921,"why there is plant growth in an abandoned building",1.02066302773262
"building","study_4",31,"hypothesis","like many fungi and this plant life does not require much if any sunlight",3,2,4,3,16257,0.132428405,"why there is plant growth in an abandoned building",0.33879117287375
"building","study_4",70,"hypothesis","the indirect sunlight is enough to sustain the plants",2,2,2,2,17376,-0.299260584,"why there is plant growth in an abandoned building",-0.525050470132221
"building","study_4",89,"hypothesis","The plants will not grow any larger with the introduction of sunlight.",4,3,2,3,17869,0.298469441,"why there is plant growth in an abandoned building",0.588564644151372
"building","study_4",82,"hypothesis","They might be plants that are able to grow without sunlight.",1,2,2,1.666666667,17665,-0.437442523,"why there is plant growth in an abandoned building",-0.892152012790597
"building","study_4",63,"hypothesis","they are rare plants",1,2,2,1.666666667,17166,-0.437442523,"why there is plant growth in an abandoned building",-0.892152012790597
"building","study_4",89,"hypothesis","Without sunlight, these plants may be a different species that can be further investigated.",2,2,2,2,17870,-0.299260584,"why there is plant growth in an abandoned building",-0.525050470132221
"building","study_4",5,"hypothesis","For some reason these plants require smaller amounts of sunlight",2,3,2,2.333333333,15607,0.022105564,"why there is plant growth in an abandoned building",0.0972330878254381
"building","study_4",34,"hypothesis","It is a greenhouse",2,3,3,2.666666667,16347,0.168859089,"why there is plant growth in an abandoned building",0.414394278783475
"building","study_4",18,"hypothesis","The plants have grown from outside of the building and traveled in",5,5,3,4.333333333,15892,1.2261372,"why there is plant growth in an abandoned building",2.09310331151017
"building","study_4",118,"hypothesis","These plants belong to genus families that don't require sunlight to produce food.",2,3,2,2.333333333,18617,0.022105564,"why there is plant growth in an abandoned building",0.0972330878254381
"building","study_4",13,"hypothesis","There have been caretakers coming in taking care of the plants",NA,2,3,2.5,15771,-0.095510854,"why there is plant growth in an abandoned building",-0.0503625538488029
"building","study_4",58,"hypothesis","The plants have been genetically modified",4,4,4,4,17011,0.913342639,"why there is plant growth in an abandoned building",1.64413904879864
"building","study_4",40,"hypothesis","The soil within the building is nutrient rich.",2,3,3,2.666666667,16520,0.168859089,"why there is plant growth in an abandoned building",0.414394278783475
"building","study_4",109,"hypothesis","These plants are able to adapt to their environment regardless of the light source.",2,2,3,2.333333333,18376,-0.152507059,"why there is plant growth in an abandoned building",-0.192003161191187
"building","study_4",49,"hypothesis","the plants are not real",4,4,1,3,16768,0.473082063,"why there is plant growth in an abandoned building",0.856056890682346
"building","study_4",52,"hypothesis","Sunlight isnt an important factor in plant growth anymore",3,2,2,2.333333333,16852,-0.161078646,"why there is plant growth in an abandoned building",-0.174225127023173
"building","study_4",52,"hypothesis","The plants were just placed there",4,2,2,2.666666667,16853,-0.022896707,"why there is plant growth in an abandoned building",-0.00594347946652664
"building","study_4",42,"hypothesis","A new energy source is feuling the growth of plants",3,3,3,3,16567,0.307041027,"why there is plant growth in an abandoned building",0.690466144311051
"building","study_4",85,"hypothesis","the plants gain nutrients by themselves rather than through sunlight",2,3,3,2.666666667,17765,0.168859089,"why there is plant growth in an abandoned building",0.414394278783475
"building","study_4",81,"hypothesis","Someone could possibly have been coming to water the plants",3,2,3,2.666666667,17642,-0.01432512,"why there is plant growth in an abandoned building",0.16933166843992
"building","study_4",76,"hypothesis","Over time, they have adapted to grow without sunlight.",2,2,3,2.333333333,17522,-0.152507059,"why there is plant growth in an abandoned building",-0.192003161191187
"building","study_4",76,"hypothesis","The plants do receive light, just not directly from the sun.",2,3,2,2.333333333,17523,0.022105564,"why there is plant growth in an abandoned building",0.0972330878254381
"building","study_4",101,"hypothesis","At night, there will have light bulbs.",4,3,3,3.333333333,18179,0.445222966,"why there is plant growth in an abandoned building",0.90881115354593
"building","study_4",91,"hypothesis","My hypothesis is that the plants evolved under selective pressure to grow without any sunlight",2,3,3,2.666666667,17928,0.168859089,"why there is plant growth in an abandoned building",0.414394278783475
"building","study_4",101,"hypothesis","Someone comes here to provide light to them.",3,3,3,3,18181,0.307041027,"why there is plant growth in an abandoned building",0.690466144311051
"building","study_4",76,"hypothesis","The plants that are growing do not need sunlight to grow, they live off of other resources.",2,2,2,2,17525,-0.299260584,"why there is plant growth in an abandoned building",-0.525050470132221
"building","study_4",23,"hypothesis","Plants do not need direct sunlight to survive.",2,2,2,2,16010,-0.299260584,"why there is plant growth in an abandoned building",-0.525050470132221
"building","study_4",53,"hypothesis","if these plants can grow without sunlight, they may not be able to grow in sunny conditions",3,3,2,2.666666667,16877,0.160287502,"why there is plant growth in an abandoned building",0.392834367922429
"building","study_4",50,"hypothesis","if the plants are growing in unusual condition then they will adapt",3,4,3,3.333333333,16795,0.628407175,"why there is plant growth in an abandoned building",1.13388783765029
"building","study_4",50,"hypothesis","if the sun is not directly hitting the plants they will still grow",1,1,2,1.333333333,16796,-0.75880867,"why there is plant growth in an abandoned building",-1.65040534337983
"building","study_4",119,"hypothesis","The building was originally built on fine soil",3,3,3,3,18635,0.307041027,"why there is plant growth in an abandoned building",0.690466144311051
"building","study_4",90,"hypothesis","they were just placed in the building recently and have not suffered the adverse effects of a lack of light",3,2,2,2.333333333,17896,-0.161078646,"why there is plant growth in an abandoned building",-0.174225127023173
"building","study_4",114,"hypothesis","these plants could be recieving sunlight at a different point during the day since the earth and sun are both constantly moving - not a direct stream",4,2,3,3,18516,0.123856818,"why there is plant growth in an abandoned building",0.385195731785799
"building","study_4",114,"hypothesis","this plants could be genetically engineered to function without sunlight",4,4,4,4,18518,0.913342639,"why there is plant growth in an abandoned building",1.64413904879864
"building","study_4",56,"hypothesis","Undiscovered plants that don't need sunlight",2,2,2,2,16953,-0.299260584,"why there is plant growth in an abandoned building",-0.525050470132221
"building","study_4",6,"hypothesis","The plants could grow without sunlight somehow",1,2,2,1.666666667,15634,-0.437442523,"why there is plant growth in an abandoned building",-0.892152012790597
"building","study_4",14,"hypothesis","Maybe a new plant life that has never seen before that doesn't need sun to survive.",2,2,3,2.333333333,15799,-0.152507059,"why there is plant growth in an abandoned building",-0.192003161191187
"building","study_4",68,"hypothesis","The plants were simply put in place. They did not grow in the abandoned building.",3,2,2,2.333333333,17331,-0.161078646,"why there is plant growth in an abandoned building",-0.174225127023173
"building","study_4",59,"hypothesis","The plants in this building don't need sunlight to grow.",2,2,2,2,17037,-0.299260584,"why there is plant growth in an abandoned building",-0.525050470132221
"building","study_4",52,"hypothesis","Its a unique plant that doesnt need constant exposure to sunlight",3,2,3,2.666666667,16848,-0.01432512,"why there is plant growth in an abandoned building",0.16933166843992
"building","study_4",46,"hypothesis","The plants do not need direct sunlight to grow.",2,2,2,2,16687,-0.299260584,"why there is plant growth in an abandoned building",-0.525050470132221
"building","study_4",86,"hypothesis","Plants can receive nutrients from sources besides the sun.",2,3,3,2.666666667,17800,0.168859089,"why there is plant growth in an abandoned building",0.414394278783475
"building","study_4",29,"hypothesis","Animals may have to do withe abundant plant life",2,2,4,2.666666667,16189,-0.005753534,"why there is plant growth in an abandoned building",-0.0575799040986831
"building","study_4",38,"hypothesis","the specific type of plant doesn't need direct sunlight in order to maintain life.",2,2,2,2,16468,-0.299260584,"why there is plant growth in an abandoned building",-0.525050470132221
"building","study_4",113,"hypothesis","It could be someone experiment to see of life could survive without the sun?",2,3,NA,2.5,18487,0.057504892,"why there is plant growth in an abandoned building",0.17396177748816
"building","study_4",70,"hypothesis","the plant life does not require sunlight to survive",2,2,2,2,17377,-0.299260584,"why there is plant growth in an abandoned building",-0.525050470132221
"building","study_4",92,"hypothesis","This plant life isn't a healthy plant life and is actually dangerous.",2,2,2,2,17953,-0.299260584,"why there is plant growth in an abandoned building",-0.525050470132221
"building","study_4",79,"hypothesis","These plants thrive in a cold and dark environment.",3,2,2,2.333333333,17589,-0.161078646,"why there is plant growth in an abandoned building",-0.174225127023173
"building","study_4",61,"hypothesis","Due to the lack of sunlight the plants adapted a tolerance to darkness",3,4,4,3.666666667,17090,0.7751607,"why there is plant growth in an abandoned building",1.37037104268327
"building","study_4",67,"hypothesis","The plants are fake",4,4,1,3,17303,0.473082063,"why there is plant growth in an abandoned building",0.856056890682346
"building","study_4",9,"hypothesis","There might be some sort of microscopic life that has helped the plants survive without sunlight",4,4,4,4,15691,0.913342639,"why there is plant growth in an abandoned building",1.64413904879864
"building","study_4",67,"hypothesis","The plants only need water to grow",3,2,3,2.666666667,17305,-0.01432512,"why there is plant growth in an abandoned building",0.16933166843992
"building","study_4",115,"hypothesis","Plants can survive without lighte",2,2,2,2,18549,-0.299260584,"why there is plant growth in an abandoned building",-0.525050470132221
"building","study_4",23,"hypothesis","Does direct sunlight affect the growth of any plant?",NA,2,NA,2,16008,-0.273601621,"why there is plant growth in an abandoned building",-0.496846020253731
"building","study_4",53,"hypothesis","if the plants grow but do not require sunlight they may use chemosynthesis instead of photosynthesis",3,5,4,4,16875,1.096526848,"why there is plant growth in an abandoned building",1.8084131158046
"building","study_4",26,"hypothesis","There is artifical light that helps the plants grow.",3,2,3,2.666666667,16094,-0.01432512,"why there is plant growth in an abandoned building",0.16933166843992
"building","study_4",29,"hypothesis","Moisture from outside is able to come into the building",2,3,3,2.666666667,16190,0.168859089,"why there is plant growth in an abandoned building",0.414394278783475
"building","study_4",74,"hypothesis","The plants ae genitcally modified.",3,4,4,3.666666667,17477,0.7751607,"why there is plant growth in an abandoned building",1.37037104268327
"building","study_4",25,"hypothesis","Plants within this building are able to develop ways to indirectly capture sunlight",4,2,3,3,16071,0.123856818,"why there is plant growth in an abandoned building",0.385195731785799
"building","study_4",25,"hypothesis","Plants within this building are smaller than plants that grow in an open area",3,3,3,3,16072,0.307041027,"why there is plant growth in an abandoned building",0.690466144311051
"building","study_4",25,"hypothesis","The plant life within this building is able to nuture without the need of sunlight",2,2,2,2,16074,-0.299260584,"why there is plant growth in an abandoned building",-0.525050470132221
"building","study_4",42,"hypothesis","Someone plants the plants",3,2,2,2.333333333,16570,-0.161078646,"why there is plant growth in an abandoned building",-0.174225127023173
"building","study_4",84,"hypothesis","The plants may have adapted from a form of mold.",4,3,3,3.333333333,17726,0.445222966,"why there is plant growth in an abandoned building",0.90881115354593
"building","study_4",98,"hypothesis","someone planted the plants recently and left them",3,2,2,2.333333333,18092,-0.161078646,"why there is plant growth in an abandoned building",-0.174225127023173
"building","study_4",115,"hypothesis","If the plants are alive and not recieving direct sunlight they must be recieving their energy from elsewhere",2,3,3,2.666666667,18548,0.168859089,"why there is plant growth in an abandoned building",0.414394278783475
"building","study_4",122,"hypothesis","Although there is no sunlight, the plants are feeding off of soil that is somehow in the building and thriving off of it.",4,4,3,3.666666667,18726,0.766589114,"why there is plant growth in an abandoned building",1.38721413959545
"building","study_4",40,"hypothesis","The plants within the building are being given artificial lighting.",3,3,3,3,16518,0.307041027,"why there is plant growth in an abandoned building",0.690466144311051
"building","study_4",65,"hypothesis","If plants are growing without light, then there must be water accesible within the building",2,3,3,2.666666667,17222,0.168859089,"why there is plant growth in an abandoned building",0.414394278783475
"building","study_4",30,"hypothesis","Someone takes care of the plants.",3,2,3,2.666666667,16229,-0.01432512,"why there is plant growth in an abandoned building",0.16933166843992
"building","study_4",26,"hypothesis","They receive fertilizer to help them grow.",2,3,4,3,16095,0.315612614,"why there is plant growth in an abandoned building",0.587403028391109
"building","study_4",31,"hypothesis","previous owners may have been the causefor the vari",3,2,NA,2.5,16258,-0.152384103,"why there is plant growth in an abandoned building",-0.145363115223595
"building","study_4",90,"hypothesis","they are genetically modified to not need light to grow, rather they use a different method to generate their energy",3,4,4,3.666666667,17895,0.7751607,"why there is plant growth in an abandoned building",1.37037104268327
"building","study_4",45,"hypothesis","If the plants can move they may abosorb energy by consuming food?",2,5,NA,3.5,16662,0.793935373,"why there is plant growth in an abandoned building",1.01672650445965
"building","study_4",114,"hypothesis","These plants could actually be fungi that are parasitic on rotting wood and trees in the overgrown house",NA,5,4,4.5,18515,1.19345258,"why there is plant growth in an abandoned building",2.04494507093329
"building","study_4",59,"hypothesis","The lack of sunlight is the reason so many plants were able to",2,2,2,2,17033,-0.299260584,"why there is plant growth in an abandoned building",-0.525050470132221
"building","study_4",56,"hypothesis","UV lights that are turned off",4,3,2,3,16954,0.298469441,"why there is plant growth in an abandoned building",0.588564644151372
"building","study_4",68,"hypothesis","The blinds, windows, etc could have been shut.",1,3,3,2.333333333,17330,0.03067715,"why there is plant growth in an abandoned building",0.191884134001551
"building","study_4",80,"hypothesis","These plants could be a new species that thrives without sunlight",2,2,2,2,17619,-0.299260584,"why there is plant growth in an abandoned building",-0.525050470132221
"building","study_4",11,"hypothesis","Plant life will grow abundant without human interaction.",4,3,4,3.666666667,15731,0.591976491,"why there is plant growth in an abandoned building",1.1345599355509
"building","study_4",120,"hypothesis","The sunlight might be coming from artificial intelligence",4,4,3,3.666666667,18669,0.766589114,"why there is plant growth in an abandoned building",1.38721413959545
"building","study_4",95,"hypothesis","If the plants recieve no direct sunlight and are able to grow it may be because they may be sourcing energy from the temperature",3,4,3,3.333333333,18026,0.628407175,"why there is plant growth in an abandoned building",1.13388783765029
"building","study_4",122,"hypothesis","Because the building is abandoned, the inside is not protected from weather, causing the plants to be watered by rain and thrive inside.",4,3,3,3.333333333,18727,0.445222966,"why there is plant growth in an abandoned building",0.90881115354593
"building","study_4",34,"hypothesis","These plants make their own energy internally",2,4,3,3,16351,0.490225237,"why there is plant growth in an abandoned building",0.866730996624429
"building","study_4",65,"hypothesis","If the plants are growing without sunlight, then their DNA must be mutated",3,5,4,4,17224,1.096526848,"why there is plant growth in an abandoned building",1.8084131158046
"building","study_4",63,"hypothesis","the plants do no need sunlight to survive",2,2,2,2,17165,-0.299260584,"why there is plant growth in an abandoned building",-0.525050470132221
"building","study_4",74,"hypothesis","They may have found something else that allows the plants to grow.",2,2,3,2.333333333,17478,-0.152507059,"why there is plant growth in an abandoned building",-0.192003161191187
"building","study_4",94,"hypothesis","If the plants grow in a building, then the carbon dioxide levels must be high.",3,4,4,3.666666667,17996,0.7751607,"why there is plant growth in an abandoned building",1.37037104268327
"building","study_4",18,"hypothesis","House plants do not need a lot of sunlight.",1,2,2,1.666666667,15888,-0.437442523,"why there is plant growth in an abandoned building",-0.892152012790597
"building","study_4",18,"hypothesis","The plants have adapted to the conditons.",3,2,3,2.666666667,15891,-0.01432512,"why there is plant growth in an abandoned building",0.16933166843992
"building","study_4",34,"hypothesis","Someone has been caring for these plants",3,2,3,2.666666667,16348,-0.01432512,"why there is plant growth in an abandoned building",0.16933166843992
"building","study_4",61,"hypothesis","Sunlight is not an essential factor to plant development as previously thought",3,2,2,2.333333333,17092,-0.161078646,"why there is plant growth in an abandoned building",-0.174225127023173
"building","study_4",60,"hypothesis","At the time that the plants were first planted the building may have had access to direct sunlight.",3,4,2,3,17062,0.48165365,"why there is plant growth in an abandoned building",0.811963135328436
"building","study_4",95,"hypothesis","Due to the lack of sun the plants may be growing in the dark because of a substitiute energy sourse.",4,4,3,3.666666667,18025,0.766589114,"why there is plant growth in an abandoned building",1.38721413959545
"building","study_4",43,"hypothesis","someone put these plants here",3,2,2,2.333333333,16601,-0.161078646,"why there is plant growth in an abandoned building",-0.174225127023173
"building","study_4",40,"hypothesis","The plants within the building are not very tall.",3,2,3,2.666666667,16519,-0.01432512,"why there is plant growth in an abandoned building",0.16933166843992
"building","study_4",89,"hypothesis","Since the plants recieved no sunlight, the role of the sun in certain types of plants may be overrated.",3,2,2,2.333333333,17867,-0.161078646,"why there is plant growth in an abandoned building",-0.174225127023173
"building","study_4",113,"hypothesis","It could be a experiemnt for the governemnt to see how global warming could affect life on Earth.",2,3,4,3,18486,0.315612614,"why there is plant growth in an abandoned building",0.587403028391109
"building","study_4",29,"hypothesis","Somebody unknown comes in and takes care of them",3,2,3,2.666666667,16191,-0.01432512,"why there is plant growth in an abandoned building",0.16933166843992
"building","study_4",32,"hypothesis","The building has solar panels on top of it which transfer into the building therefore allowing the plants to grow",4,4,4,4,16283,0.913342639,"why there is plant growth in an abandoned building",1.64413904879864
"building","study_4",17,"hypothesis","Also the plants may not need a lot of water",2,2,2,2,15861,-0.299260584,"why there is plant growth in an abandoned building",-0.525050470132221
"building","study_4",93,"hypothesis","If grow these same plants elsewhere, still not in direct sunlight, they will grow the same.",5,2,4,3.666666667,17967,0.408792282,"why there is plant growth in an abandoned building",0.785196596363752
"building","study_4",93,"hypothesis","If plants we give these plants less water than they are receiving in the building, they will not grow as high or as fast.",4,2,3,3,17968,0.123856818,"why there is plant growth in an abandoned building",0.385195731785799
"building","study_4",33,"hypothesis","The plants can go without sunlight for sometime",3,2,2,2.333333333,16317,-0.161078646,"why there is plant growth in an abandoned building",-0.174225127023173
"building","study_4",64,"hypothesis","Are there people that come and help the plants out?",NA,3,NA,3,17186,0.16387815,"why there is plant growth in an abandoned building",0.386522290978887
"building","study_4",59,"hypothesis","The plants grow because of a special fertilizer.",4,4,4,4,17036,0.913342639,"why there is plant growth in an abandoned building",1.64413904879864
"building","study_4",58,"hypothesis","The plants arent actually real, theyre just plastic",4,4,1,3,17010,0.473082063,"why there is plant growth in an abandoned building",0.856056890682346
"building","study_4",120,"hypothesis","The research team succeeded in the building developing night resistant plants.",NA,4,3,3.5,18668,0.650275669,"why there is plant growth in an abandoned building",1.16697943522703
"building","study_4",110,"hypothesis","particles of the sunlight might penetrate the building",2,3,3,2.666666667,18397,0.168859089,"why there is plant growth in an abandoned building",0.414394278783475
"building","study_4",86,"hypothesis","Alternate resources/ elements cause abnormal plant growth.",4,4,3,3.666666667,17798,0.766589114,"why there is plant growth in an abandoned building",1.38721413959545
"building","study_4",34,"hypothesis","These plants do not produce anything from photosynthesis",2,2,2,2,16350,-0.299260584,"why there is plant growth in an abandoned building",-0.525050470132221
"building","study_4",82,"hypothesis","The plants may be connected through roots/vines to outside plants that do recieve sunlight.",2,4,4,3.333333333,17664,0.636978762,"why there is plant growth in an abandoned building",1.11366578687525
"building","study_4",107,"hypothesis","these plants are adapting to the conditions",3,3,3,3,18321,0.307041027,"why there is plant growth in an abandoned building",0.690466144311051
"building","study_4",45,"hypothesis","if the plants are growing they could be using celluar respireation for the majority of energy?",2,5,4,3.666666667,16661,0.958344909,"why there is plant growth in an abandoned building",1.54793096142848
"building","study_4",114,"hypothesis","someone could come and water them like a greenhouse",3,4,3,3.333333333,18514,0.628407175,"why there is plant growth in an abandoned building",1.13388783765029
"building","study_4",41,"hypothesis","the plant life does not need a lot of sunlight to thrive",2,2,2,2,16539,-0.299260584,"why there is plant growth in an abandoned building",-0.525050470132221
"building","study_4",59,"hypothesis","The plants are hybrids that can grow in adverse conditions.",4,4,3,3.666666667,17034,0.766589114,"why there is plant growth in an abandoned building",1.38721413959545
"building","study_4",80,"hypothesis","The abandoned building could have some type of fertilizer that increases a plants ability to grow whether or not sunlight is available to them",4,4,4,4,17618,0.913342639,"why there is plant growth in an abandoned building",1.64413904879864
"building","study_4",40,"hypothesis","The pants within the building do not require much light",1,2,2,1.666666667,16517,-0.437442523,"why there is plant growth in an abandoned building",-0.892152012790597
"building","study_4",111,"hypothesis","there are animals that help",3,4,4,3.666666667,18424,0.7751607,"why there is plant growth in an abandoned building",1.37037104268327
"building","study_4",59,"hypothesis","The plants can grow due to a source of artifical sunlight.",3,3,3,3,17035,0.307041027,"why there is plant growth in an abandoned building",0.690466144311051
"building","study_4",58,"hypothesis","Somebody just put those plants there not too long ago",3,2,2,2.333333333,17009,-0.161078646,"why there is plant growth in an abandoned building",-0.174225127023173
"building","study_4",43,"hypothesis","the building has hidden light fixtures to replicate the sun",3,4,4,3.666666667,16602,0.7751607,"why there is plant growth in an abandoned building",1.37037104268327
"building","study_4",89,"hypothesis","If these plants were initially grown in the sunlight, transferring them to an abandoned building will not affect their growth.",3,3,4,3.333333333,17866,0.453794553,"why there is plant growth in an abandoned building",0.877370398224682
"building","study_4",86,"hypothesis","Plants can grow when untouched by humans or any animal life.",4,3,4,3.666666667,17799,0.591976491,"why there is plant growth in an abandoned building",1.1345599355509
"building","study_4",65,"hypothesis","If there is life without light, then humans can survive underground",2,3,5,3.333333333,17225,0.462366139,"why there is plant growth in an abandoned building",0.628494338075345
"building","study_4",96,"hypothesis","The plants are still alive because they have a special type of soil that provides them the nutrients that they would get from the sunlight.",3,3,3,3,18047,0.307041027,"why there is plant growth in an abandoned building",0.690466144311051
"building","study_4",113,"hypothesis","The building could have fake sunlight where lights may just be on the plants 24/7.",4,4,4,4,18489,0.913342639,"why there is plant growth in an abandoned building",1.64413904879864
"building","study_4",116,"hypothesis","Someone is coming into the house and taking care of these plants.",3,2,3,2.666666667,18572,-0.01432512,"why there is plant growth in an abandoned building",0.16933166843992
"building","study_4",116,"hypothesis","The plants have grown from underneath the house developing many different hybrids of plants able to grow under these conditions.",5,5,4,4.666666667,18573,1.372890725,"why there is plant growth in an abandoned building",2.46479660560173
"building","study_4",118,"hypothesis","These plants are part of an experiment to genetically design plants which are capable to grow o",NA,4,4,4,18616,0.820559319,"why there is plant growth in an abandoned building",1.46433829823507
"building","study_4",84,"hypothesis","The plants do not need light and vitamins acqured from the sun.",2,2,2,2,17724,-0.299260584,"why there is plant growth in an abandoned building",-0.525050470132221
"building","study_4",68,"hypothesis","I believe another person had to play a role in this situation.",4,3,2,3,17329,0.298469441,"why there is plant growth in an abandoned building",0.588564644151372
"building","study_4",37,"hypothesis","The specific temperature and dew in the abandoned building has caused the plants to grow.",3,4,3,3.333333333,16437,0.628407175,"why there is plant growth in an abandoned building",1.13388783765029
"building","study_4",11,"hypothesis","If plants do not receive sunlight, they will adapt to their surroundings and find a way to thrive.",2,4,3,3,15730,0.490225237,"why there is plant growth in an abandoned building",0.866730996624429
"building","study_4",67,"hypothesis","The plants don't need sun",2,2,2,2,17304,-0.299260584,"why there is plant growth in an abandoned building",-0.525050470132221
"building","study_4",43,"hypothesis","the building is not actually abandoned",3,2,3,2.666666667,16603,-0.01432512,"why there is plant growth in an abandoned building",0.16933166843992
"building","study_4",82,"hypothesis","The plants are growing from indirect sunlight.",3,2,2,2.333333333,17663,-0.161078646,"why there is plant growth in an abandoned building",-0.174225127023173
"building","study_4",38,"hypothesis","the plant could be a cross breed done by a human for experimental purposes.",5,4,4,4.333333333,16467,1.051524577,"why there is plant growth in an abandoned building",1.86993497244832
"building","study_4",111,"hypothesis","the building is collapseable, transformable",1,4,4,3,18418,0.498796823,"why there is plant growth in an abandoned building",0.939118663321541
"building","study_4",96,"hypothesis","The plants are stll alive because a magical wizard lives in the building keeping them alive.",3,4,1,2.666666667,18048,0.334900125,"why there is plant growth in an abandoned building",0.572318824151325
"building","study_4",36,"hypothesis","Is there some kind of light source?",3,2,NA,2.5,16399,-0.152384103,"why there is plant growth in an abandoned building",-0.145363115223595
"building","study_4",42,"hypothesis","Soemone brought the plant life to it.",3,2,3,2.666666667,16569,-0.01432512,"why there is plant growth in an abandoned building",0.16933166843992
"building","study_4",84,"hypothesis","The plants like the darkness.",2,2,2,2,17725,-0.299260584,"why there is plant growth in an abandoned building",-0.525050470132221
"building","study_4",41,"hypothesis","this plant can find its energy source from near surroundings",2,2,3,2.333333333,16541,-0.152507059,"why there is plant growth in an abandoned building",-0.192003161191187
"building","study_4",61,"hypothesis","Plants have adapted alternative methods of converting energy",3,4,3,3.333333333,17091,0.628407175,"why there is plant growth in an abandoned building",1.13388783765029
"building","study_4",111,"hypothesis","the plants have special designed vases that helps them move around",5,5,4,4.666666667,18423,1.372890725,"why there is plant growth in an abandoned building",2.46479660560173
"building","study_4",84,"hypothesis","The building has been left there for awhile, allowing the plants to grow undisturbed.",3,2,1,2,17721,-0.307832171,"why there is plant growth in an abandoned building",-0.536440710706476
"building","study_4",44,"hypothesis","the plants were grown while there was sunlight but have now been stopped by someone or something",4,3,2,3,16641,0.298469441,"why there is plant growth in an abandoned building",0.588564644151372
"building","study_4",99,"hypothesis","The plants have been growing for a long time",4,3,2,3,18123,0.298469441,"why there is plant growth in an abandoned building",0.588564644151372
"building","study_4",23,"hypothesis","It is possible that sunlight is not a reason plants grow.",2,2,2,2,16009,-0.299260584,"why there is plant growth in an abandoned building",-0.525050470132221
"building","study_4",112,"hypothesis","These plants are being kept alive by sources other than sunlight",2,3,3,2.666666667,18458,0.168859089,"why there is plant growth in an abandoned building",0.414394278783475
"building","study_4",122,"hypothesis","Many plants might be fungi, which tends to grow in dark, warm places, and if there is no sunlight entering the building, then these would be the kinds of plants that we would typically find.",3,3,4,3.333333333,18728,0.453794553,"why there is plant growth in an abandoned building",0.877370398224682
"building","study_4",65,"hypothesis","If there is no sun light, then these plants are fake",4,3,1,2.666666667,17226,0.151715915,"why there is plant growth in an abandoned building",0.340855800859838
"building","study_4",88,"hypothesis","The building houses plants that grow from elements found in decaying materials and environments.",3,4,4,3.666666667,17843,0.7751607,"why there is plant growth in an abandoned building",1.37037104268327
"building","study_4",113,"hypothesis","Someone could be tryig to create life using new methods?",3,4,3,3.333333333,18488,0.628407175,"why there is plant growth in an abandoned building",1.13388783765029
"building","study_4",110,"hypothesis","a kind of plant that does not need sunlight",2,2,2,2,18396,-0.299260584,"why there is plant growth in an abandoned building",-0.525050470132221
"building","study_4",102,"hypothesis","If there is no direct sunlight, then these plants will not live very long.",2,2,2,2,18205,-0.299260584,"why there is plant growth in an abandoned building",-0.525050470132221
"building","study_4",120,"hypothesis","The plants might be too expensive to breed",3,3,1,2.333333333,18667,0.013533977,"why there is plant growth in an abandoned building",0.143473576981904
"building","study_4",80,"hypothesis","Humans could be using this building as an experiment to see if plant life could survive without sunlight",2,4,3,3,17617,0.490225237,"why there is plant growth in an abandoned building",0.866730996624429
"building","study_4",105,"hypothesis","the plants in the abandoned building do not require sunlight in order to grow",2,2,2,2,18274,-0.299260584,"why there is plant growth in an abandoned building",-0.525050470132221
"building","study_4",114,"hypothesis","you could be dreaming",NA,1,1,1,18519,-0.808971416,"why there is plant growth in an abandoned building",-1.84246229583668
"building","study_4",79,"hypothesis","Water kills these types of plants.",4,4,2,3.333333333,17591,0.619835588,"why there is plant growth in an abandoned building",1.06904745082024
"building","study_4",99,"hypothesis","The plants receive water from somewhere",2,2,3,2.333333333,18124,-0.152507059,"why there is plant growth in an abandoned building",-0.192003161191187
"building","study_4",38,"hypothesis","it was discovered that all lants dont need direct",2,2,2,2,16466,-0.299260584,"why there is plant growth in an abandoned building",-0.525050470132221
"building","study_4",112,"hypothesis","These plants are able to survive in harshe",NA,2,2,2,18457,-0.265794504,"why there is plant growth in an abandoned building",-0.458112087866199
"building","study_4",74,"hypothesis","If they injected the plant with ample vitamin D i may not need sun light anymore.",4,5,5,4.666666667,17474,1.381462312,"why there is plant growth in an abandoned building",2.3244727583927
"building","study_4",120,"hypothesis","It might contained an abundunt amount of water",2,3,3,2.666666667,18663,0.168859089,"why there is plant growth in an abandoned building",0.414394278783475
"building","study_4",42,"hypothesis","Maybe it is a different kind of plant that does not need sunlight",2,2,3,2.333333333,16568,-0.152507059,"why there is plant growth in an abandoned building",-0.192003161191187
"building","study_4",31,"hypothesis","there must be sufficient minerals and nutrients to sutain the plants",NA,4,3,3.5,16260,0.650275669,"why there is plant growth in an abandoned building",1.16697943522703
"building","study_4",33,"hypothesis","Someone maybe tending to the plants",3,2,3,2.666666667,16316,-0.01432512,"why there is plant growth in an abandoned building",0.16933166843992
"building","study_4",118,"hypothesis","The plants must root back somewhere outside the building, reachable by sunlight.",4,4,3,3.666666667,18615,0.766589114,"why there is plant growth in an abandoned building",1.38721413959545
"building","study_4",44,"hypothesis","The plant life is unknown to the community and is a type of plant species that requires no light",2,2,2,2,16640,-0.299260584,"why there is plant growth in an abandoned building",-0.525050470132221
"building","study_4",94,"hypothesis","If the plants grow without sunlight, they lack a constant source of energy.",2,2,3,2.333333333,17997,-0.152507059,"why there is plant growth in an abandoned building",-0.192003161191187
"building","study_4",120,"hypothesis","It was previously built to research the possibility of plants to grow without sunlight",3,3,3,3,18664,0.307041027,"why there is plant growth in an abandoned building",0.690466144311051
"building","study_4",102,"hypothesis","if there is so direct sunlight and the plants are still alive, the, they must have adapted to living that way though natural selection.",3,3,3,3,18206,0.307041027,"why there is plant growth in an abandoned building",0.690466144311051
"building","study_4",99,"hypothesis","The building has been abandoned for a long time",3,1,1,1.666666667,18121,-0.629198319,"why there is plant growth in an abandoned building",-1.29605284346806
"building","study_4",61,"hypothesis","The plants have become more effiecent at using minimal light to stustain themselves",3,3,2,2.666666667,17093,0.160287502,"why there is plant growth in an abandoned building",0.392834367922429
"building","study_4",89,"hypothesis","If the building recieved no sunlight, then the plants are able to grow in the dark.",3,2,3,2.666666667,17865,-0.01432512,"why there is plant growth in an abandoned building",0.16933166843992
"building","study_4",80,"hypothesis","These plants may have developed an ability to thrive with no sunlight",2,2,2,2,17620,-0.299260584,"why there is plant growth in an abandoned building",-0.525050470132221
"building","study_4",111,"hypothesis","someone put the plants in the building after letting them out in the sun",3,3,2,2.666666667,18417,0.160287502,"why there is plant growth in an abandoned building",0.392834367922429
"building","study_4",46,"hypothesis","There are other sources of light that help the plants grow.",2,2,3,2.333333333,16690,-0.152507059,"why there is plant growth in an abandoned building",-0.192003161191187
"building","study_4",69,"hypothesis","There are holes in the building somewhere that allow them to get sunlight.",2,2,3,2.333333333,17354,-0.152507059,"why there is plant growth in an abandoned building",-0.192003161191187
"building","study_4",120,"hypothesis","The plants may develop a scent that can be vital to human life",3,3,3,3,18666,0.307041027,"why there is plant growth in an abandoned building",0.690466144311051
"building","study_4",84,"hypothesis","The plants can thrive on their own.",2,2,2,2,17723,-0.299260584,"why there is plant growth in an abandoned building",-0.525050470132221
"building","study_4",84,"hypothesis","The plants are very adaptive and can thrive very well.",3,3,3,3,17722,0.307041027,"why there is plant growth in an abandoned building",0.690466144311051
"building","study_4",112,"hypothesis","This plant life is able to undergo photosynthesis even without the presence of direct sunglight",2,3,2,2.333333333,18461,0.022105564,"why there is plant growth in an abandoned building",0.0972330878254381
"building","study_4",86,"hypothesis","There are multiples species of plants able to develop without sunlight.",2,2,2,2,17802,-0.299260584,"why there is plant growth in an abandoned building",-0.525050470132221
"building","study_4",112,"hypothesis","These plants do not need direct sunlight to flourish",2,2,2,2,18460,-0.299260584,"why there is plant growth in an abandoned building",-0.525050470132221
"building","study_4",58,"hypothesis","Some plants dont need direct sunlight",2,2,2,2,17008,-0.299260584,"why there is plant growth in an abandoned building",-0.525050470132221
"building","study_4",44,"hypothesis","someone may have put them there and there won't be any more growth",3,3,3,3,16639,0.307041027,"why there is plant growth in an abandoned building",0.690466144311051
"building","study_4",99,"hypothesis","The plants do not need sunlight to grow",2,2,2,2,18122,-0.299260584,"why there is plant growth in an abandoned building",-0.525050470132221
"building","study_4",120,"hypothesis","The plants may develop a change in form and consumed the researchers",NA,5,3,4,18665,1.02316893,"why there is plant growth in an abandoned building",1.6236613770907
"building","study_4",57,"hypothesis","these plants might thrive on heat sources",3,4,3,3.333333333,16977,0.628407175,"why there is plant growth in an abandoned building",1.13388783765029
"building","study_4",74,"hypothesis","Since the plant is still getting water it can live for a bit.",1,2,3,2,17475,-0.290688997,"why there is plant growth in an abandoned building",-0.549730742614752
"building","study_4",88,"hypothesis","The building is a great environment for plants that do not require direct sunlight to grow.",2,2,2,2,17844,-0.299260584,"why there is plant growth in an abandoned building",-0.525050470132221
"building","study_4",111,"hypothesis","the plants depend on something else to survive",1,2,3,2,18420,-0.290688997,"why there is plant growth in an abandoned building",-0.549730742614752
"building","study_4",43,"hypothesis","these planets undergoing chemosynthesi",NA,3,4,3.5,16605,0.447666057,"why there is plant growth in an abandoned building",0.855547673935632
"building","study_4",111,"hypothesis","the plants do not need sun light to survive",2,2,2,2,18422,-0.299260584,"why there is plant growth in an abandoned building",-0.525050470132221
"building","study_4",57,"hypothesis","do these plants only thrive on nutrients found in the soil/building",NA,4,NA,4,16976,0.601357921,"why there is plant growth in an abandoned building",1.02066302773262
"building","study_4",116,"hypothesis","These plants are able to grow under minimal sunlight and a large range in temperature.",2,2,2,2,18574,-0.299260584,"why there is plant growth in an abandoned building",-0.525050470132221
"building","study_4",111,"hypothesis","the building is filled with different kinds of mirror that transfers sunlight",5,4,3,4,18419,0.904771052,"why there is plant growth in an abandoned building",1.5749269481807
"building","study_4",18,"hypothesis","The other needs of the plants have been met.",1,3,2,2,15890,-0.116076375,"why there is plant growth in an abandoned building",-0.168634829994695
"building","study_4",79,"hypothesis","These plants were planted here and are watered and given sulught every so often by the person who planted them.",4,2,3,3,17590,0.123856818,"why there is plant growth in an abandoned building",0.385195731785799
"building","study_4",74,"hypothesis","The person who put these here may be conducting an experiment.",2,3,3,2.666666667,17476,0.168859089,"why there is plant growth in an abandoned building",0.414394278783475
"building","study_4",112,"hypothesis","These plants are receiving all of the resources they need to survive in the building",NA,3,3,3,18459,0.277382407,"why there is plant growth in an abandoned building",0.626571063907873
"building","study_4",30,"hypothesis","The plants were recently moved into the building by someone else.",4,2,2,2.666666667,16232,-0.022896707,"why there is plant growth in an abandoned building",-0.00594347946652664
"building","study_4",111,"hypothesis","the plants do not have the process of photosynthesis",3,3,2,2.666666667,18421,0.160287502,"why there is plant growth in an abandoned building",0.392834367922429
"building","study_4",43,"hypothesis","they are naturally growing and dont require much direct sunlight",2,2,2,2,16606,-0.299260584,"why there is plant growth in an abandoned building",-0.525050470132221
"building","study_4",18,"hypothesis","Sunlight may come in from small holes in the walls or ceiling.",4,2,3,3,15889,0.123856818,"why there is plant growth in an abandoned building",0.385195731785799
"building","study_4",30,"hypothesis","The plants are able to grow in darkness.",2,2,2,2,16230,-0.299260584,"why there is plant growth in an abandoned building",-0.525050470132221
"building","study_4",113,"hypothesis","The plants could be traps for insects and animals to surive of eating life forms.",3,4,4,3.666666667,18490,0.7751607,"why there is plant growth in an abandoned building",1.37037104268327
"building","study_4",43,"hypothesis","the plants are fake",4,4,1,3,16604,0.473082063,"why there is plant growth in an abandoned building",0.856056890682346
"building","study_4",106,"hypothesis","Do the plants need to stay away from sunlight to survive, or do they just not need it?",NA,3,NA,3,18295,0.16387815,"why there is plant growth in an abandoned building",0.386522290978887
"building","study_4",30,"hypothesis","The plants can thrive on minimal sunlight.",2,2,2,2,16231,-0.299260584,"why there is plant growth in an abandoned building",-0.525050470132221
"food","study_4",1,"experiment","Ingrediants",2,2,1,1.666666667,15516,-0.446014109,"testing food healthiness in neighboring countries",-0.91548166227989
"food","study_4",1,"experiment","look at added-Sugars",2,2,2,2,15517,-0.299260584,"testing food healthiness in neighboring countries",-0.525050470132221
"food","study_4",1,"experiment","look at calorie intake with a certain food",2,3,2,2.333333333,15518,0.022105564,"testing food healthiness in neighboring countries",0.0972330878254381
"food","study_4",1,"experiment","look at fats",3,2,2,2.333333333,15519,-0.161078646,"testing food healthiness in neighboring countries",-0.174225127023173
"food","study_4",1,"experiment","look at how much proccesed food is taken in by humans in each country",3,2,2,2.333333333,15520,-0.161078646,"testing food healthiness in neighboring countries",-0.174225127023173
"food","study_4",1,"experiment","look at how the food is made",3,2,3,2.666666667,15521,-0.01432512,"testing food healthiness in neighboring countries",0.16933166843992
"food","study_4",1,"experiment","look at trans-fats",3,2,2,2.333333333,15522,-0.161078646,"testing food healthiness in neighboring countries",-0.174225127023173
"food","study_4",1,"experiment","See how much sodium is in the 2 different types of food",2,2,2,2,15523,-0.299260584,"testing food healthiness in neighboring countries",-0.525050470132221
"food","study_4",85,"experiment","see if swapping foods leads to an increase/decrease in exercise daily",4,2,4,3.333333333,17755,0.270610343,"testing food healthiness in neighboring countries",0.610722554187985
"food","study_4",71,"experiment","Find where the foods came from in each country. Organic? Processed?",2,2,3,2.333333333,17386,-0.152507059,"testing food healthiness in neighboring countries",-0.192003161191187
"food","study_4",71,"experiment","Have one person eat food from one country and the other from the neigboring country. Then compare the affects after a month or so.",2,2,3,2.333333333,17387,-0.152507059,"testing food healthiness in neighboring countries",-0.192003161191187
"food","study_4",71,"experiment","Look at the body weights and health of the populations from each country.",2,2,3,2.333333333,17388,-0.152507059,"testing food healthiness in neighboring countries",-0.192003161191187
"food","study_4",71,"experiment","Take foods from each country and determine the nutrients and calories of each",2,2,2,2,17389,-0.299260584,"testing food healthiness in neighboring countries",-0.525050470132221
"food","study_4",7,"experiment","Observe the ingredients put into the same food in each countty",2,2,2,2,15653,-0.299260584,"testing food healthiness in neighboring countries",-0.525050470132221
"food","study_4",24,"experiment","Compare the restaurants avaible in each country",4,2,2,2.666666667,16028,-0.022896707,"testing food healthiness in neighboring countries",-0.00594347946652664
"food","study_4",24,"experiment","Compare your average meal to theirs",2,2,3,2.333333333,16029,-0.152507059,"testing food healthiness in neighboring countries",-0.192003161191187
"food","study_4",24,"experiment","Estimate the obesity rate in each country",2,2,3,2.333333333,16030,-0.152507059,"testing food healthiness in neighboring countries",-0.192003161191187
"food","study_4",114,"experiment","check everchanging dietary reccomendations",3,3,2,2.666666667,18505,0.160287502,"testing food healthiness in neighboring countries",0.392834367922429
"food","study_4",114,"experiment","check to see how income levels and taxes vary",3,2,2,2.333333333,18506,-0.161078646,"testing food healthiness in neighboring countries",-0.174225127023173
"food","study_4",32,"experiment","Check to see if they are eating less processed food and more fresh food",3,3,2,2.666666667,16277,0.160287502,"testing food healthiness in neighboring countries",0.392834367922429
"food","study_4",32,"experiment","Check to see the obesity rat",3,2,NA,2.5,16278,-0.152384103,"testing food healthiness in neighboring countries",-0.145363115223595
"food","study_4",32,"experiment","Compare both my country and their countries average expectancy and see which one is higher",3,1,2,2,16279,-0.482444793,"testing food healthiness in neighboring countries",-0.764806880139184
"food","study_4",32,"experiment","Have somebody try out their food for a month and see if they are able to lose weight",2,2,3,2.333333333,16280,-0.152507059,"testing food healthiness in neighboring countries",-0.192003161191187
"food","study_4",32,"experiment","Have someone test out their food for a month and see if their internal health improves",2,2,5,3,16281,0.140999992,"testing food healthiness in neighboring countries",-0.0326025264927073
"food","study_4",2,"experiment","Give someone a strict schedule and make sure you mointor them (for example the person has to do the same 30 mins of cardio everyday) then add the neighboring country's food to the schedule for a month then make them do the same thing but now they are eating your country's food for a month",2,4,4,3.333333333,15541,0.636978762,"testing food healthiness in neighboring countries",1.11366578687525
"food","study_4",2,"experiment","Have one person live off of the other country's food for a month than have that same person live off of your own food for a month",2,2,3,2.333333333,15542,-0.152507059,"testing food healthiness in neighboring countries",-0.192003161191187
"food","study_4",59,"experiment","Collect samples of food from both countries to see which is healthier.",3,2,3,2.666666667,17028,-0.01432512,"testing food healthiness in neighboring countries",0.16933166843992
"food","study_4",59,"experiment","Compare the calorie contents.",3,2,2,2.333333333,17029,-0.161078646,"testing food healthiness in neighboring countries",-0.174225127023173
"food","study_4",59,"experiment","Compare the health benefits.",3,2,2,2.333333333,17030,-0.161078646,"testing food healthiness in neighboring countries",-0.174225127023173
"food","study_4",59,"experiment","Have a blind taste test and have people judge which food they think is healthier.",2,2,2,2,17031,-0.299260584,"testing food healthiness in neighboring countries",-0.525050470132221
"food","study_4",59,"experiment","Survey people to see which country they think is healthier.",2,2,2,2,17032,-0.299260584,"testing food healthiness in neighboring countries",-0.525050470132221
"food","study_4",19,"experiment","Compare the availability of food options, and the respective nutritional content, for each country",2,3,4,3,15916,0.315612614,"testing food healthiness in neighboring countries",0.587403028391109
"food","study_4",19,"experiment","Consider the overal life expectancy and health conditions of citizens in each country while considering predispositions and genetic/hereditary factors",4,5,3,4,15917,1.087955261,"testing food healthiness in neighboring countries",1.80390844432094
"food","study_4",19,"experiment","Find data on the health of the average citizen in each country and the sources of their food",2,3,3,2.666666667,15918,0.168859089,"testing food healthiness in neighboring countries",0.414394278783475
"food","study_4",19,"experiment","Take multiple samples of the food from each of the countries and compare the nutritional content and caloric content of each",2,2,2,2,15919,-0.299260584,"testing food healthiness in neighboring countries",-0.525050470132221
"food","study_4",19,"experiment","Test a two populations with each food source over time",1,2,3,2,15920,-0.290688997,"testing food healthiness in neighboring countries",-0.549730742614752
"food","study_4",72,"experiment","what percentage of food in grocery stores in processed",4,4,NA,4,17415,0.742372625,"testing food healthiness in neighboring countries",1.3220182008618
"food","study_4",100,"experiment","measure the average household income in each country",2,3,2,2.333333333,18152,0.022105564,"testing food healthiness in neighboring countries",0.0972330878254381
"food","study_4",50,"experiment","test the other food and compare",2,2,2,2,16794,-0.299260584,"testing food healthiness in neighboring countries",-0.525050470132221
"food","study_4",9,"experiment","Find daily caloric intake of both country's people",3,3,2,2.666666667,15680,0.160287502,"testing food healthiness in neighboring countries",0.392834367922429
"food","study_4",3,"experiment","Select a group of people from both countries and give them physical examinations to see which group of people's average result is better.",2,2,2,2,15557,-0.299260584,"testing food healthiness in neighboring countries",-0.525050470132221
"food","study_4",3,"experiment","Take some food from bothe countries and to test hem scientificaly.",2,2,3,2.333333333,15558,-0.152507059,"testing food healthiness in neighboring countries",-0.192003161191187
"food","study_4",9,"experiment","Have each country make the same food and test them that way",2,3,4,3,15683,0.315612614,"testing food healthiness in neighboring countries",0.587403028391109
"food","study_4",9,"experiment","Observe the health of people from both countries",2,2,2,2,15684,-0.299260584,"testing food healthiness in neighboring countries",-0.525050470132221
"food","study_4",9,"experiment","Test the ingredients",2,2,2,2,15685,-0.299260584,"testing food healthiness in neighboring countries",-0.525050470132221
"food","study_4",86,"experiment","Analyze the diets of the native people.",2,3,3,2.666666667,17792,0.168859089,"testing food healthiness in neighboring countries",0.414394278783475
"food","study_4",86,"experiment","Find the food with the biggest market among local consumers.",2,4,3,3,17793,0.490225237,"testing food healthiness in neighboring countries",0.866730996624429
"food","study_4",46,"experiment","You keep track of your height, weight, and growth after eating.",2,3,3,2.666666667,16682,0.168859089,"testing food healthiness in neighboring countries",0.414394278783475
"food","study_4",20,"experiment","I will do the chemical eperiments to detect what nutritions these food have",2,3,3,2.666666667,15938,0.168859089,"testing food healthiness in neighboring countries",0.414394278783475
"food","study_4",20,"experiment","I will eat the same food but provided by these two countries.",2,2,3,2.333333333,15939,-0.152507059,"testing food healthiness in neighboring countries",-0.192003161191187
"food","study_4",33,"experiment","Conduct a longitudual study and watch the effects",2,4,4,3.333333333,16308,0.636978762,"testing food healthiness in neighboring countries",1.11366578687525
"food","study_4",33,"experiment","Get a taste tester",2,1,2,1.666666667,16309,-0.620626732,"testing food healthiness in neighboring countries",-1.17998035075409
"food","study_4",33,"experiment","Go live in the coun",2,NA,NA,2,16310,-0.148740275,"testing food healthiness in neighboring countries",-0.275329361359205
"food","study_4",33,"experiment","Look at the calories of their food",2,2,2,2,16311,-0.299260584,"testing food healthiness in neighboring countries",-0.525050470132221
"food","study_4",33,"experiment","Pay for the food",2,1,1,1.333333333,16312,-0.767380257,"testing food healthiness in neighboring countries",-1.65982791426348
"food","study_4",33,"experiment","send volunteers over to test it",2,1,1,1.333333333,16313,-0.767380257,"testing food healthiness in neighboring countries",-1.65982791426348
"food","study_4",33,"experiment","Steal the food and use only for ourselves",2,3,1,2,16314,-0.124647962,"testing food healthiness in neighboring countries",-0.206134062148495
"food","study_4",33,"experiment","Try to share recipes with the other country so they can share with us",2,2,2,2,16315,-0.299260584,"testing food healthiness in neighboring countries",-0.525050470132221
"food","study_4",60,"experiment","Comparing the food regultions in each country.",3,3,3,3,17061,0.307041027,"testing food healthiness in neighboring countries",0.690466144311051
"food","study_4",4,"experiment","Compare and contrast coloration",4,2,1,2.333333333,15578,-0.169650232,"testing food healthiness in neighboring countries",-0.389314475451687
"food","study_4",4,"experiment","Compare and contrast scents",4,2,1,2.333333333,15579,-0.169650232,"testing food healthiness in neighboring countries",-0.389314475451687
"food","study_4",4,"experiment","Compare liqi",2,NA,NA,2,15580,-0.148740275,"testing food healthiness in neighboring countries",-0.275329361359205
"food","study_4",4,"experiment","Conduct litmus paper expirement to obtain average PH levels of both food",5,4,3,4,15581,0.904771052,"testing food healthiness in neighboring countries",1.5749269481807
"food","study_4",4,"experiment","Cut fruits and compare insides of fruits",2,3,1,2,15582,-0.124647962,"testing food healthiness in neighboring countries",-0.206134062148495
"food","study_4",4,"experiment","Obtain similar food suh as fruits from neighboring country and own country and set on the table",4,2,2,2.666666667,15583,-0.022896707,"testing food healthiness in neighboring countries",-0.00594347946652664
"food","study_4",4,"experiment","Test rigidity and hardness of both fruits",5,3,1,3,15584,0.289897854,"testing food healthiness in neighboring countries",0.440513432790854
"food","study_4",21,"experiment","Compare how food is grown",3,2,2,2.333333333,15956,-0.161078646,"testing food healthiness in neighboring countries",-0.174225127023173
"food","study_4",21,"experiment","Compare how much fast food is offered in both countries",4,3,3,3.333333333,15957,0.445222966,"testing food healthiness in neighboring countries",0.90881115354593
"food","study_4",21,"experiment","Compare the variety of food choices both countries have",NA,3,3,3,15958,0.277382407,"testing food healthiness in neighboring countries",0.626571063907873
"food","study_4",21,"experiment","Observe a persons daily intake of food in one day from both countries",2,2,3,2.333333333,15959,-0.152507059,"testing food healthiness in neighboring countries",-0.192003161191187
"food","study_4",87,"experiment","compared the nutrients and organisms that the food in both countries have",2,3,3,2.666666667,17817,0.168859089,"testing food healthiness in neighboring countries",0.414394278783475
"food","study_4",87,"experiment","compared the rate of obesity in both countries",3,2,3,2.666666667,17818,-0.01432512,"testing food healthiness in neighboring countries",0.16933166843992
"food","study_4",87,"experiment","compared the rates of mortality",3,2,2,2.333333333,17819,-0.161078646,"testing food healthiness in neighboring countries",-0.174225127023173
"food","study_4",47,"experiment","have participants from each country intake their normal every day meals for a few months then have nutritionists evaluate the protein levels, percentage of fat, and sugar levels to see which country had better diets",2,4,4,3.333333333,16708,0.636978762,"testing food healthiness in neighboring countries",1.11366578687525
"food","study_4",47,"experiment","make sure that each of these participants does the same amount of excersize to ensure that the diet is the only difference between them other than the metabolism",2,3,4,3,16709,0.315612614,"testing food healthiness in neighboring countries",0.587403028391109
"food","study_4",26,"experiment","Have one person only eat food from your country and another person of the same health factors eat food from the neighboring country for a month.",2,2,3,2.333333333,16090,-0.152507059,"testing food healthiness in neighboring countries",-0.192003161191187
"food","study_4",38,"experiment","set up a control group and an experimental group to test which food is healthier by allowing the participans to get adjusted to their new diet for about 90 days to ensure accurate data.",2,3,3,2.666666667,16464,0.168859089,"testing food healthiness in neighboring countries",0.414394278783475
"food","study_4",79,"experiment","Find out what the foods are mostly mae out of from each country.",4,2,3,3,17580,0.123856818,"testing food healthiness in neighboring countries",0.385195731785799
"food","study_4",79,"experiment","Have an individual from each country eat both of the foods.",2,3,2,2.333333333,17581,0.022105564,"testing food healthiness in neighboring countries",0.0972330878254381
"food","study_4",79,"experiment","Have the person from the opposite country go on a diet of their food.",2,2,4,2.666666667,17582,-0.005753534,"testing food healthiness in neighboring countries",-0.0575799040986831
"food","study_4",116,"experiment","Ask a friend what they think.",1,1,1,1,18568,-0.905562196,"testing food healthiness in neighboring countries",-2.14555796856234
"food","study_4",61,"experiment","Check child development rates to see how much nutrition on average the food provides",4,5,4,4.333333333,17084,1.234708787,"testing food healthiness in neighboring countries",2.13801449686175
"food","study_4",61,"experiment","Collect samples of food from various contries and look at nutritional facts",3,3,2,2.666666667,17085,0.160287502,"testing food healthiness in neighboring countries",0.392834367922429
"food","study_4",61,"experiment","Compare food preparation methods",4,3,2,3,17086,0.298469441,"testing food healthiness in neighboring countries",0.588564644151372
"food","study_4",5,"experiment","Gather various different types of food and check to see which contains healthier nutrition facts",2,2,2,2,15603,-0.299260584,"testing food healthiness in neighboring countries",-0.525050470132221
"food","study_4",5,"experiment","Look at the health and weight of the people in your country and compare that to the health and weight of people in the neighboring country",2,2,3,2.333333333,15604,-0.152507059,"testing food healthiness in neighboring countries",-0.192003161191187
"food","study_4",5,"experiment","Spend a week eating your country's food and then spend a week eating the neighboring country's food and see how your body changes",2,2,2,2,15605,-0.299260584,"testing food healthiness in neighboring countries",-0.525050470132221
"food","study_4",5,"experiment","Watch the same meal be prepared by each country and see which one seems to be the healthier option",2,4,3,3,15606,0.490225237,"testing food healthiness in neighboring countries",0.866730996624429
"food","study_4",11,"experiment","Observe the amount of meat (heavy protein), fish (light protein) v. pasta (carbohydrates) and desserts (sugars) are consumed regularly in each country.",2,5,3,3.333333333,15729,0.811591384,"testing food healthiness in neighboring countries",1.18284257492424
"food","study_4",52,"experiment","Get people from the other country to try my food",2,2,3,2.333333333,16846,-0.152507059,"testing food healthiness in neighboring countries",-0.192003161191187
"food","study_4",74,"experiment","Look for the ingredients used in each and compare them.",2,2,2,2,17471,-0.299260584,"testing food healthiness in neighboring countries",-0.525050470132221
"food","study_4",22,"experiment","At the end of month record things like cholesterol, heart rate, blood pressure",4,4,4,4,15981,0.913342639,"testing food healthiness in neighboring countries",1.64413904879864
"food","study_4",22,"experiment","even gather weight",2,1,3,2,15982,-0.473873207,"testing food healthiness in neighboring countries",-0.835720653240853
"food","study_4",22,"experiment","Gather a group pf people from Country A and Country B",2,NA,2,2,15983,-0.164025353,"testing food healthiness in neighboring countries",-0.29025993596359
"food","study_4",22,"experiment","group from Country A and Country B consumes same 30 meals for entire month",2,2,3,2.333333333,15984,-0.152507059,"testing food healthiness in neighboring countries",-0.192003161191187
"food","study_4",22,"experiment","Have boths groups consume same food from each of their countries",2,2,3,2.333333333,15985,-0.152507059,"testing food healthiness in neighboring countries",-0.192003161191187
"food","study_4",22,"experiment","This will tell you whether or not the same exact food from different places have different effects",4,2,NA,3,15986,0.005942143,"testing food healthiness in neighboring countries",0.0707911895142781
"food","study_4",39,"experiment","Is there a factor in their environment causing the food to be grown in a different process?",2,3,NA,2.5,16485,0.057504892,"testing food healthiness in neighboring countries",0.17396177748816
"food","study_4",39,"experiment","Test whether there could be a reverse causation.",NA,3,3,3,16486,0.277382407,"testing food healthiness in neighboring countries",0.626571063907873
"food","study_4",117,"experiment","Dissect the food to understand their nutrients",4,3,4,3.666666667,18587,0.591976491,"testing food healthiness in neighboring countries",1.1345599355509
"food","study_4",117,"experiment","Eat the food myself and see how I feel after one day",2,2,2,2,18588,-0.299260584,"testing food healthiness in neighboring countries",-0.525050470132221
"food","study_4",103,"experiment","look at the nutrients of typical food of your country and compare it to the food of the other country",2,2,2,2,18220,-0.299260584,"testing food healthiness in neighboring countries",-0.525050470132221
"food","study_4",103,"experiment","see statistics on how often/severe people get sick in each country",2,4,4,3.333333333,18221,0.636978762,"testing food healthiness in neighboring countries",1.11366578687525
"food","study_4",103,"experiment","take people who are the same age, height, gender, weight, and from neighboring border towns so there is little difference in upbringing factors and who consume the typical diets of their respective countries and have them perform athetic events",2,4,5,3.666666667,18222,0.783732287,"testing food healthiness in neighboring countries",1.19058290202545
"food","study_4",12,"experiment","You can eat strictly the food from your neighboring country for a month straight and then do the same with the food from your country and test how you feel and how your body is doimng in order to see which one is healthier.",2,2,3,2.333333333,15745,-0.152507059,"testing food healthiness in neighboring countries",-0.192003161191187
"food","study_4",35,"experiment","Get people from your country to eat food from the neighboring country and see if their health improves at all",2,2,4,2.666666667,16365,-0.005753534,"testing food healthiness in neighboring countries",-0.0575799040986831
"food","study_4",6,"experiment","Create a poll after testing the samples.",2,3,2,2.333333333,15625,0.022105564,"testing food healthiness in neighboring countries",0.0972330878254381
"food","study_4",6,"experiment","go the the neighboring country and compare the food from here to there.",2,2,3,2.333333333,15626,-0.152507059,"testing food healthiness in neighboring countries",-0.192003161191187
"food","study_4",6,"experiment","Run test with the dna samples of the foods to see whih one is better.",4,3,4,3.666666667,15627,0.591976491,"testing food healthiness in neighboring countries",1.1345599355509
"food","study_4",6,"experiment","Test the foods from here and the neighboring country",2,2,2,2,15628,-0.299260584,"testing food healthiness in neighboring countries",-0.525050470132221
"food","study_4",6,"experiment","Use people to ask which one of the foods seems healthier",2,1,2,1.666666667,15629,-0.620626732,"testing food healthiness in neighboring countries",-1.17998035075409
"food","study_4",27,"experiment","Survey the people of each country to see their average caloric intake",2,2,2,2,16126,-0.299260584,"testing food healthiness in neighboring countries",-0.525050470132221
"food","study_4",23,"experiment","Do a survey of the citizens' opinions but do a random sample",2,2,2,2,16002,-0.299260584,"testing food healthiness in neighboring countries",-0.525050470132221
"food","study_4",23,"experiment","Do an experiment with the common food of both counteies and compare",2,2,3,2.333333333,16003,-0.152507059,"testing food healthiness in neighboring countries",-0.192003161191187
"food","study_4",23,"experiment","Get an unbiased taster and present them with food form both places but do not tell them about the experiment",2,1,3,2,16004,-0.473873207,"testing food healthiness in neighboring countries",-0.835720653240853
"food","study_4",23,"experiment","Have a poll about the opinion",2,3,3,2.666666667,16005,0.168859089,"testing food healthiness in neighboring countries",0.414394278783475
"food","study_4",62,"experiment","Get a control group of people from both countires and record their diets and examine the differences.",2,2,3,2.333333333,17119,-0.152507059,"testing food healthiness in neighboring countries",-0.192003161191187
"food","study_4",62,"experiment","Give memebers from each country the same type of food and see if their bodies process it any differently",2,2,3,2.333333333,17120,-0.152507059,"testing food healthiness in neighboring countries",-0.192003161191187
"food","study_4",62,"experiment","See if the outher countires food involves more or less fruits and vegtables than our own countires",2,3,3,2.666666667,17122,0.168859089,"testing food healthiness in neighboring countries",0.414394278783475
"food","study_4",62,"experiment","Take people from each country and given them the opposite food and see if it affects them at all?",2,2,NA,2,17123,-0.310710349,"testing food healthiness in neighboring countries",-0.570972353957729
"food","study_4",62,"experiment","Test to see if the other countries food is more or less prosessed than our own countires",4,3,3,3.333333333,17124,0.445222966,"testing food healthiness in neighboring countries",0.90881115354593
"food","study_4",94,"experiment","Look at rates of geneticly modified organisms in foods compared to other country (not",2,4,3,3,17991,0.490225237,"testing food healthiness in neighboring countries",0.866730996624429
"food","study_4",94,"experiment","Look at the rates of obesity for each country and compare them.",2,2,3,2.333333333,17992,-0.152507059,"testing food healthiness in neighboring countries",-0.192003161191187
"food","study_4",49,"experiment","check the ingredients of the food in each country",3,2,2,2.333333333,16758,-0.161078646,"testing food healthiness in neighboring countries",-0.174225127023173
"food","study_4",49,"experiment","eat the food in your country and see how it makes your body feel, then do the same for the other country",2,3,3,2.666666667,16759,0.168859089,"testing food healthiness in neighboring countries",0.414394278783475
"food","study_4",49,"experiment","scan each country for signs of fruits or vegetables growing naturally",4,2,3,3,16760,0.123856818,"testing food healthiness in neighboring countries",0.385195731785799
"food","study_4",49,"experiment","see if you begin to gain or lose weight after eating the food from both countries",2,2,3,2.333333333,16761,-0.152507059,"testing food healthiness in neighboring countries",-0.192003161191187
"food","study_4",49,"experiment","travel to the neighboring country and eat the food there",2,2,2,2,16762,-0.299260584,"testing food healthiness in neighboring countries",-0.525050470132221
"food","study_4",49,"experiment","try the same food dish but in each country and compare the two",2,1,3,2,16763,-0.473873207,"testing food healthiness in neighboring countries",-0.835720653240853
"food","study_4",49,"experiment","visit a grocery store in each country and obsrve the types of food they import",2,3,4,3,16764,0.315612614,"testing food healthiness in neighboring countries",0.587403028391109
"food","study_4",104,"experiment","You observe the different ingradients in the foods and see which are scientifically proven to be healthier",2,2,2,2,18249,-0.299260584,"testing food healthiness in neighboring countries",-0.525050470132221
"food","study_4",66,"experiment","Have half a group diet with one country's food and the other half with the other country's. See how many more people loose weight in the two groups.",2,2,3,2.333333333,17261,-0.152507059,"testing food healthiness in neighboring countries",-0.192003161191187
"food","study_4",7,"experiment","Compare health statistics of each country to see where people are generally healthier/live longer lives",2,4,3,3,15651,0.490225237,"testing food healthiness in neighboring countries",0.866730996624429
"food","study_4",7,"experiment","Compare the amount of health-related diseases that people have in each country",2,3,3,2.666666667,15652,0.168859089,"testing food healthiness in neighboring countries",0.414394278783475
"food","study_4",85,"experiment","test how much exercise each group does on average daily",3,3,1,2.333333333,17759,0.013533977,"testing food healthiness in neighboring countries",0.143473576981904
"food","study_4",24,"experiment","Compare the markets/grocery stores",3,2,4,3,16027,0.132428405,"testing food healthiness in neighboring countries",0.33879117287375
"food","study_4",36,"experiment","Look at where the food comes from",4,3,3,3.333333333,16395,0.445222966,"testing food healthiness in neighboring countries",0.90881115354593
"food","study_4",28,"experiment","Compare the cooking processes of two countries",3,3,4,3.333333333,16152,0.453794553,"testing food healthiness in neighboring countries",0.877370398224682
"food","study_4",24,"experiment","Estimate the overall heart health in each country",2,2,2,2,16031,-0.299260584,"testing food healthiness in neighboring countries",-0.525050470132221
"food","study_4",24,"experiment","Estimate the rate of childhood obesity in each country",2,2,3,2.333333333,16032,-0.152507059,"testing food healthiness in neighboring countries",-0.192003161191187
"food","study_4",24,"experiment","Study the normal diet plan/meal from the other country",2,2,3,2.333333333,16033,-0.152507059,"testing food healthiness in neighboring countries",-0.192003161191187
"food","study_4",24,"experiment","What are the prices of the different foods",4,5,NA,4.5,16034,1.110587865,"testing food healthiness in neighboring countries",1.82552463676699
"food","study_4",24,"experiment","What cultures live within each country",4,3,NA,3.5,16035,0.374157384,"testing food healthiness in neighboring countries",0.7568916610022
"food","study_4",90,"experiment","You can bring in people from both countries and have them describe their diets.",2,2,3,2.333333333,17890,-0.152507059,"testing food healthiness in neighboring countries",-0.192003161191187
"food","study_4",119,"experiment","Test the food from the neighboring country. Then, test the food from my country. If ""healthy"" statistics like low fat, high protein, vitamins, minerals, low carbs are present more in one country, it is healthier.",2,3,3,2.666666667,18632,0.168859089,"testing food healthiness in neighboring countries",0.414394278783475
"food","study_4",41,"experiment","government regulations on food in the neighboring country compared to my own",4,4,3,3.666666667,16533,0.766589114,"testing food healthiness in neighboring countries",1.38721413959545
"food","study_4",41,"experiment","how the food is processed",4,3,NA,3.5,16534,0.374157384,"testing food healthiness in neighboring countries",0.7568916610022
"food","study_4",8,"experiment","Compare the kinds of dishes the other country eats compared to yours and see if the cooking styles are the reason",4,2,4,3.333333333,15666,0.270610343,"testing food healthiness in neighboring countries",0.610722554187985
"food","study_4",8,"experiment","Have two similar people eat the food from a spe",2,NA,NA,2,15667,-0.148740275,"testing food healthiness in neighboring countries",-0.275329361359205
"food","study_4",8,"experiment","Test different staple crops to see if the amount of pesticides and nutrients are the same",2,4,3,3,15668,0.490225237,"testing food healthiness in neighboring countries",0.866730996624429
"food","study_4",105,"experiment","research how the food is made in both countries and compare them",2,3,3,2.666666667,18269,0.168859089,"testing food healthiness in neighboring countries",0.414394278783475
"food","study_4",105,"experiment","take blood tests from people in both countries and see who has healthier blood",2,3,2,2.333333333,18270,0.022105564,"testing food healthiness in neighboring countries",0.0972330878254381
"food","study_4",105,"experiment","test the food to see how many calories it ha and compare them",2,2,2,2,18271,-0.299260584,"testing food healthiness in neighboring countries",-0.525050470132221
"food","study_4",63,"experiment","a lot of people suffer obisity because of the food",4,1,1,2,17158,-0.49101638,"testing food healthiness in neighboring countries",-1.19721884517109
"food","study_4",63,"experiment","even if the food is the same it is made with different productos so it is different, with more calories",2,3,2,2.333333333,17159,0.022105564,"testing food healthiness in neighboring countries",0.0972330878254381
"food","study_4",50,"experiment","do research to see whats in both countries food",2,2,3,2.333333333,16790,-0.152507059,"testing food healthiness in neighboring countries",-0.192003161191187
"food","study_4",50,"experiment","interview someone who has tried both foods",2,2,2,2,16791,-0.299260584,"testing food healthiness in neighboring countries",-0.525050470132221
"food","study_4",50,"experiment","only eat the other counrty's food to see if you get healthier",2,2,2,2,16792,-0.299260584,"testing food healthiness in neighboring countries",-0.525050470132221
"food","study_4",50,"experiment","take surveys from other people who had the other counrty's food",2,2,3,2.333333333,16793,-0.152507059,"testing food healthiness in neighboring countries",-0.192003161191187
"food","study_4",55,"experiment","Take the same product in both countries and compare nutritional values.",2,2,2,2,16917,-0.299260584,"testing food healthiness in neighboring countries",-0.525050470132221
"food","study_4",55,"experiment","Test similar foods from both countries to see if there is anything out of the ordinary.",4,2,3,3,16918,0.123856818,"testing food healthiness in neighboring countries",0.385195731785799
"food","study_4",9,"experiment","Find the amount of perservatives in each",3,4,2,3,15681,0.48165365,"testing food healthiness in neighboring countries",0.811963135328436
"food","study_4",9,"experiment","Find the heart disease or diabetes rate in each country and compare",2,3,3,2.666666667,15682,0.168859089,"testing food healthiness in neighboring countries",0.414394278783475
"food","study_4",67,"experiment","Look at farming",4,3,2,3,17297,0.298469441,"testing food healthiness in neighboring countries",0.588564644151372
"food","study_4",67,"experiment","Look at how many fast food restraunts there are",2,2,2,2,17298,-0.299260584,"testing food healthiness in neighboring countries",-0.525050470132221
"food","study_4",67,"experiment","Look at how much of a type of food is made",3,2,2,2.333333333,17299,-0.161078646,"testing food healthiness in neighboring countries",-0.174225127023173
"food","study_4",37,"experiment","Search for their food on the food pyramid.",3,2,2,2.333333333,16433,-0.161078646,"testing food healthiness in neighboring countries",-0.174225127023173
"food","study_4",11,"experiment","Analyze the nutrition facts of the food in your country v. the food in your neighboring country.",2,3,2,2.333333333,15727,0.022105564,"testing food healthiness in neighboring countries",0.0972330878254381
"food","study_4",111,"experiment","eat food from the other country 30 days and food from your country 30 days and experience yourself",2,3,3,2.666666667,18412,0.168859089,"testing food healthiness in neighboring countries",0.414394278783475
"food","study_4",29,"experiment","Compare the average types of restaurants from each country",3,2,2,2.333333333,16184,-0.161078646,"testing food healthiness in neighboring countries",-0.174225127023173
"food","study_4",120,"experiment","i will also see the import and export index of both countries regarding food industries",2,3,3,2.666666667,18658,0.168859089,"testing food healthiness in neighboring countries",0.414394278783475
"food","study_4",120,"experiment","i will also test the air, water quality of the two countries",4,4,1,3,18659,0.473082063,"testing food healthiness in neighboring countries",0.856056890682346
"food","study_4",120,"experiment","i will buy the same product in markets of the two countries and start to test it.",2,3,4,3,18660,0.315612614,"testing food healthiness in neighboring countries",0.587403028391109
"food","study_4",120,"experiment","i will compare the food serving standards between the two countries.",2,4,3,3,18661,0.490225237,"testing food healthiness in neighboring countries",0.866730996624429
"food","study_4",25,"experiment","Compare the amount of calories in the same foods from both countries",2,2,2,2,16067,-0.299260584,"testing food healthiness in neighboring countries",-0.525050470132221
"food","study_4",25,"experiment","Compare the amount of vitamins contained in the same foods from both countries",2,3,2,2.333333333,16068,0.022105564,"testing food healthiness in neighboring countries",0.0972330878254381
"food","study_4",25,"experiment","Compare the freshness of ingrediants from both countries",3,3,3,3,16069,0.307041027,"testing food healthiness in neighboring countries",0.690466144311051
"food","study_4",25,"experiment","Compare the methods of cooking from both countries",4,2,3,3,16070,0.123856818,"testing food healthiness in neighboring countries",0.385195731785799
"food","study_4",64,"experiment","Going to the country",2,1,1,1.333333333,17183,-0.767380257,"testing food healthiness in neighboring countries",-1.65982791426348
"food","study_4",64,"experiment","Inviting others to join me",2,1,1,1.333333333,17184,-0.767380257,"testing food healthiness in neighboring countries",-1.65982791426348
"food","study_4",51,"experiment","Examine how much food is consumed in the neighboring country",1,2,2,1.666666667,16816,-0.437442523,"testing food healthiness in neighboring countries",-0.892152012790597
"food","study_4",51,"experiment","Examine how the food in the neighboring country is produced (look at how highly processed the food is in comparison to your food)",1,3,3,2.333333333,16817,0.03067715,"testing food healthiness in neighboring countries",0.191884134001551
"food","study_4",51,"experiment","Examine how the food of the neighboring country is treated (look for chemicals within the food)",2,3,4,3,16818,0.315612614,"testing food healthiness in neighboring countries",0.587403028391109
"food","study_4",51,"experiment","Examine the health of the citizens of the neighboring country",2,2,2,2,16819,-0.299260584,"testing food healthiness in neighboring countries",-0.525050470132221
"food","study_4",51,"experiment","Test the average fat, sugar, etc. content of the food coming from the neighboring country and compare it to your food",2,2,3,2.333333333,16820,-0.152507059,"testing food healthiness in neighboring countries",-0.192003161191187
"food","study_4",83,"experiment","compare to healthy countries and not healthy countries",2,1,2,1.666666667,17689,-0.620626732,"testing food healthiness in neighboring countries",-1.17998035075409
"food","study_4",83,"experiment","gather the ingredients",3,1,2,2,17690,-0.482444793,"testing food healthiness in neighboring countries",-0.764806880139184
"food","study_4",10,"experiment","check the portion sizes of food iven in each country",3,3,3,3,15707,0.307041027,"testing food healthiness in neighboring countries",0.690466144311051
"food","study_4",10,"experiment","compare the average weight of citizens in each country",3,2,3,2.666666667,15708,-0.01432512,"testing food healthiness in neighboring countries",0.16933166843992
"food","study_4",10,"experiment","look at the calories in the food of both countries",2,2,2,2,15709,-0.299260584,"testing food healthiness in neighboring countries",-0.525050470132221
"food","study_4",10,"experiment","look at the main ingredience that is in the same dish made in the 2 countries",2,2,2,2,15710,-0.299260584,"testing food healthiness in neighboring countries",-0.525050470132221
"food","study_4",10,"experiment","look at the most popular dishes in both countries and compare which one is healthier",2,2,3,2.333333333,15711,-0.152507059,"testing food healthiness in neighboring countries",-0.192003161191187
"food","study_4",16,"experiment","Take the most commonly eaten food and compare them to each other based on how many calories each piece of food contains.",2,2,2,2,15834,-0.299260584,"testing food healthiness in neighboring countries",-0.525050470132221
"food","study_4",26,"experiment","Compare the average weight and BMI from both countries.",3,2,3,2.666666667,16087,-0.01432512,"testing food healthiness in neighboring countries",0.16933166843992
"food","study_4",26,"experiment","Compare the nutrition of foods from both countries.",2,3,2,2.333333333,16088,0.022105564,"testing food healthiness in neighboring countries",0.0972330878254381
"food","study_4",26,"experiment","Compare the sales of fo",2,NA,NA,2,16089,-0.148740275,"testing food healthiness in neighboring countries",-0.275329361359205
"food","study_4",97,"experiment","Provide a survey so that others can sa their opinion on th two kinds od food",2,2,2,2,18066,-0.299260584,"testing food healthiness in neighboring countries",-0.525050470132221
"food","study_4",97,"experiment","Set up a study and see the long term outcomes of participants eating US food, and neighboring countries food",2,2,3,2.333333333,18067,-0.152507059,"testing food healthiness in neighboring countries",-0.192003161191187
"food","study_4",97,"experiment","taste test both foods from your country and the neighboring country to see which tastes better",2,1,3,2,18068,-0.473873207,"testing food healthiness in neighboring countries",-0.835720653240853
"food","study_4",92,"experiment","compare grocery stores too see who has fresher products.",4,2,4,3.333333333,17945,0.270610343,"testing food healthiness in neighboring countries",0.610722554187985
"food","study_4",92,"experiment","Compare obesity statistics between the country.",3,2,3,2.666666667,17946,-0.01432512,"testing food healthiness in neighboring countries",0.16933166843992
"food","study_4",79,"experiment","Test to see if there are any bacteria or fungi that could have grown on the food.",5,4,3,4,17583,0.904771052,"testing food healthiness in neighboring countries",1.5749269481807
"food","study_4",43,"experiment","are there more oraganic or",3,2,NA,2.5,16592,-0.152384103,"testing food healthiness in neighboring countries",-0.145363115223595
"food","study_4",43,"experiment","have 2 subjects eat and see who is healthier at the end of the period",2,2,3,2.333333333,16593,-0.152507059,"testing food healthiness in neighboring countries",-0.192003161191187
"food","study_4",43,"experiment","look at nutrional labels",3,2,2,2.333333333,16594,-0.161078646,"testing food healthiness in neighboring countries",-0.174225127023173
"food","study_4",43,"experiment","look at the people living in these areas",2,2,1,1.666666667,16595,-0.446014109,"testing food healthiness in neighboring countries",-0.91548166227989
"food","study_4",52,"experiment","Compare health and weight rates",2,2,3,2.333333333,16842,-0.152507059,"testing food healthiness in neighboring countries",-0.192003161191187
"food","study_4",40,"experiment","Find out if the exercise more than your country does.",2,2,2,2,16514,-0.299260584,"testing food healthiness in neighboring countries",-0.525050470132221
"food","study_4",11,"experiment","Compare the ingredients used in each country to see which is healthier.",4,2,2,2.666666667,15728,-0.022896707,"testing food healthiness in neighboring countries",-0.00594347946652664
"food","study_4",30,"experiment","Calculate the chalories in similar foods.",3,2,3,2.666666667,16224,-0.01432512,"testing food healthiness in neighboring countries",0.16933166843992
"food","study_4",30,"experiment","Determine which country uses more pesticides and GMOs in foods.",5,4,3,4,16225,0.904771052,"testing food healthiness in neighboring countries",1.5749269481807
"food","study_4",52,"experiment","Have a eating program and compare results",2,2,3,2.333333333,16847,-0.152507059,"testing food healthiness in neighboring countries",-0.192003161191187
"food","study_4",65,"experiment","read nutition labels of food from your country and the neighboring country",2,2,2,2,17221,-0.299260584,"testing food healthiness in neighboring countries",-0.525050470132221
"food","study_4",30,"experiment","Test the sugar levels in similar products.",2,2,2,2,16228,-0.299260584,"testing food healthiness in neighboring countries",-0.525050470132221
"food","study_4",57,"experiment","double-blind; give subjects food from either country over a few weeks and record results",2,4,3,3,16973,0.490225237,"testing food healthiness in neighboring countries",0.866730996624429
"food","study_4",39,"experiment","Could their healthy lifestyle cause them to harvest healthier foods.",3,2,NA,2.5,16482,-0.152384103,"testing food healthiness in neighboring countries",-0.145363115223595
"food","study_4",39,"experiment","Is it anecdotal evidence?",2,NA,NA,2,16483,-0.148740275,"testing food healthiness in neighboring countries",-0.275329361359205
"food","study_4",39,"experiment","Is the sample siza l",2,NA,NA,2,16484,-0.148740275,"testing food healthiness in neighboring countries",-0.275329361359205
"food","study_4",17,"experiment","Look at the average weight of each country and compare",2,2,3,2.333333333,15860,-0.152507059,"testing food healthiness in neighboring countries",-0.192003161191187
"food","study_4",69,"experiment","Travel to the neighboring country and explore the food options available there and see if they are healthier there.",2,2,2,2,17353,-0.299260584,"testing food healthiness in neighboring countries",-0.525050470132221
"food","study_4",39,"experiment","What is the basis on which you think the food is healthier?",4,NA,NA,4,16487,0.436870922,"testing food healthiness in neighboring countries",0.798076147272108
"food","study_4",39,"experiment","You could compare the same staple food items to eachother and see the buildup of them in terms of carbohydrates, sugars, and proteins.",3,2,3,2.666666667,16488,-0.01432512,"testing food healthiness in neighboring countries",0.16933166843992
"food","study_4",108,"experiment","see what they make their food with",2,2,3,2.333333333,18345,-0.152507059,"testing food healthiness in neighboring countries",-0.192003161191187
"food","study_4",108,"experiment","see where the ingredients come from",2,2,2,2,18346,-0.299260584,"testing food healthiness in neighboring countries",-0.525050470132221
"food","study_4",108,"experiment","taste them both, if one is crap then its healthier",2,1,1,1.333333333,18347,-0.767380257,"testing food healthiness in neighboring countries",-1.65982791426348
"food","study_4",117,"experiment","Study where the food comes from and how they're processed",2,4,3,3,18591,0.490225237,"testing food healthiness in neighboring countries",0.866730996624429
"food","study_4",12,"experiment","You can test the nutrients of the food from each country to see who has the healthiest food.",2,2,2,2,15746,-0.299260584,"testing food healthiness in neighboring countries",-0.525050470132221
"food","study_4",45,"experiment","get two groups of people one from each county and give them diets of food strictly from their given county",2,2,3,2.333333333,16658,-0.152507059,"testing food healthiness in neighboring countries",-0.192003161191187
"food","study_4",35,"experiment","Take 2 groups of people, one from your country and one from the neighboring country and monitor their dieting habits, see which country has healthier food",2,2,3,2.333333333,16366,-0.152507059,"testing food healthiness in neighboring countries",-0.192003161191187
"food","study_4",27,"experiment","Find out where the food comes from in both countries, such as farms, and see how each place grows the food",4,3,3,3.333333333,16123,0.445222966,"testing food healthiness in neighboring countries",0.90881115354593
"food","study_4",27,"experiment","Measure the calories of similar foods, such as apples o in both countries",2,2,2,2,16124,-0.299260584,"testing food healthiness in neighboring countries",-0.525050470132221
"food","study_4",27,"experiment","See if people in one country just eat more than the other country",2,2,2,2,16125,-0.299260584,"testing food healthiness in neighboring countries",-0.525050470132221
"food","study_4",122,"experiment","Analyze the most common foods eaten by people in both countries and compare their nutrients levels.",2,4,4,3.333333333,18721,0.636978762,"testing food healthiness in neighboring countries",1.11366578687525
"food","study_4",27,"experiment","Test the weight and life span of people in both countries",2,3,3,2.666666667,16127,0.168859089,"testing food healthiness in neighboring countries",0.414394278783475
"food","study_4",122,"experiment","Find out where the food in the other country is coming from: Is is locally sourced? Is it shipped in?",4,3,3,3.333333333,18724,0.445222966,"testing food healthiness in neighboring countries",0.90881115354593
"food","study_4",53,"experiment","find the obesity rate in each country",3,2,3,2.666666667,16871,-0.01432512,"testing food healthiness in neighboring countries",0.16933166843992
"food","study_4",53,"experiment","record the health of two grous- the community with healthy food and your own community",2,2,2,2,16872,-0.299260584,"testing food healthiness in neighboring countries",-0.525050470132221
"food","study_4",53,"experiment","take a census of the number of fast food restaurants in each country",2,3,2,2.333333333,16873,0.022105564,"testing food healthiness in neighboring countries",0.0972330878254381
"food","study_4",94,"experiment","Compare the amount of natural vs. processed foods",3,3,3,3,17987,0.307041027,"testing food healthiness in neighboring countries",0.690466144311051
"food","study_4",94,"experiment","Compare the use antibiotics in things like meat",2,4,2,2.666666667,17988,0.343471711,"testing food healthiness in neighboring countries",0.489059576288559
"food","study_4",94,"experiment","Compare what is sold in local food stores.",2,2,4,2.666666667,17989,-0.005753534,"testing food healthiness in neighboring countries",-0.0575799040986831
"food","study_4",94,"experiment","Count the amount of saturated and unsaturated fat.",3,2,2,2.333333333,17990,-0.161078646,"testing food healthiness in neighboring countries",-0.174225127023173
"food","study_4",18,"experiment","Have one eat the food from one country and the other eat the food from the other country.",2,2,3,2.333333333,15884,-0.152507059,"testing food healthiness in neighboring countries",-0.192003161191187
"food","study_4",18,"experiment","Look at the amount of different vitamins in each food.",3,2,2,2.333333333,15885,-0.161078646,"testing food healthiness in neighboring countries",-0.174225127023173
"food","study_4",40,"experiment","Check to see if the neighboring country preperes food healthier that your country does.",3,3,3,3,16511,0.307041027,"testing food healthiness in neighboring countries",0.690466144311051
"food","study_4",40,"experiment","Check to see what food items are essential and standard in their diets.",3,3,3,3,16512,0.307041027,"testing food healthiness in neighboring countries",0.690466144311051
"food","study_4",40,"experiment","Check to see what their food regualations are.",3,3,3,3,16513,0.307041027,"testing food healthiness in neighboring countries",0.690466144311051
"food","study_4",67,"experiment","Look at obesity rates",2,2,3,2.333333333,17300,-0.152507059,"testing food healthiness in neighboring countries",-0.192003161191187
"food","study_4",13,"experiment","create two groups, make each group only consume one of the country's food for 3 months. Then test each individuals health benefits",2,4,3,3,15768,0.490225237,"testing food healthiness in neighboring countries",0.866730996624429
"food","study_4",13,"experiment","see if one is more fresh or local that",4,3,3,3.333333333,15769,0.445222966,"testing food healthiness in neighboring countries",0.90881115354593
"food","study_4",13,"experiment","test the food in each country, look for GMO see if one is organic",2,3,3,2.666666667,15770,0.168859089,"testing food healthiness in neighboring countries",0.414394278783475
"food","study_4",66,"experiment","Compare the indgridents of each food and see which ingredients have less fat than the other.",3,2,2,2.333333333,17260,-0.161078646,"testing food healthiness in neighboring countries",-0.174225127023173
"food","study_4",85,"experiment","see if swapping foods makes kids focus less/more in school",4,3,4,3.666666667,17756,0.591976491,"testing food healthiness in neighboring countries",1.1345599355509
"food","study_4",66,"experiment","See the difference in calories and grams of fat.",2,2,2,2,17262,-0.299260584,"testing food healthiness in neighboring countries",-0.525050470132221
"food","study_4",66,"experiment","Try eating one to see if you loose weight then switch to the other.",2,2,3,2.333333333,17263,-0.152507059,"testing food healthiness in neighboring countries",-0.192003161191187
"food","study_4",24,"experiment","Are there more food safety laws in the other country",4,4,NA,4,16026,0.742372625,"testing food healthiness in neighboring countries",1.3220182008618
"food","study_4",36,"experiment","Compare quality of food in both countries",2,2,3,2.333333333,16393,-0.152507059,"testing food healthiness in neighboring countries",-0.192003161191187
"food","study_4",36,"experiment","Look at what people in both countries eat the most",2,2,3,2.333333333,16394,-0.152507059,"testing food healthiness in neighboring countries",-0.192003161191187
"food","study_4",36,"experiment","See what common meals in both countries are",2,2,3,2.333333333,16396,-0.152507059,"testing food healthiness in neighboring countries",-0.192003161191187
"food","study_4",28,"experiment","Compare the farming between two countries",4,3,3,3.333333333,16153,0.445222966,"testing food healthiness in neighboring countries",0.90881115354593
"food","study_4",28,"experiment","Compare the ingredients of the same food between the two countries",4,2,2,2.666666667,16154,-0.022896707,"testing food healthiness in neighboring countries",-0.00594347946652664
"food","study_4",28,"experiment","Compare the same food from the two countries on a person from the third country",2,2,4,2.666666667,16155,-0.005753534,"testing food healthiness in neighboring countries",-0.0575799040986831
"food","study_4",28,"experiment","Investigative the environment of the other country to see if it differs to our environment",2,3,1,2,16156,-0.124647962,"testing food healthiness in neighboring countries",-0.206134062148495
"food","study_4",28,"experiment","Use the machine to find out about the nutritional quality of the foods",2,3,2,2.333333333,16157,0.022105564,"testing food healthiness in neighboring countries",0.0972330878254381
"food","study_4",114,"experiment","look at where the food originated from",4,3,3,3.333333333,18509,0.445222966,"testing food healthiness in neighboring countries",0.90881115354593
"food","study_4",41,"experiment","cheicals or fertlizers used in both countries to grow food",3,5,3,3.666666667,16532,0.949773323,"testing food healthiness in neighboring countries",1.47786024092044
"food","study_4",114,"experiment","see if government regulations are more strict",2,4,3,3,18511,0.490225237,"testing food healthiness in neighboring countries",0.866730996624429
"food","study_4",73,"experiment","Compare life spans",3,2,2,2.333333333,17445,-0.161078646,"testing food healthiness in neighboring countries",-0.174225127023173
"food","study_4",41,"experiment","if the food derives from anmals, how are animals treated, are they given high dose of medications/chemicals/substances to enhance size, taste or others",2,5,3,3.333333333,16535,0.811591384,"testing food healthiness in neighboring countries",1.18284257492424
"food","study_4",41,"experiment","See farming methods",2,4,2,2.666666667,16536,0.343471711,"testing food healthiness in neighboring countries",0.489059576288559
"food","study_4",41,"experiment","see how natural foods from both cpuntries are",2,3,3,2.666666667,16537,0.168859089,"testing food healthiness in neighboring countries",0.414394278783475
"food","study_4",82,"experiment","Compare the prices of medication, and how much the governments are subsidizing it.",5,4,2,3.666666667,17653,0.758017527,"testing food healthiness in neighboring countries",1.23884583740569
"food","study_4",14,"experiment","Ask friends and family what they think on the subject matter.",2,1,1,1.333333333,15793,-0.767380257,"testing food healthiness in neighboring countries",-1.65982791426348
"food","study_4",14,"experiment","Compare the food in your country to the food in the other country, look at the nutrition labels.",3,2,2,2.333333333,15794,-0.161078646,"testing food healthiness in neighboring countries",-0.174225127023173
"food","study_4",14,"experiment","Eat some of your country's food and see how you feel and compare it to how you feel after you eat the other country's food.",2,2,3,2.333333333,15795,-0.152507059,"testing food healthiness in neighboring countries",-0.192003161191187
"food","study_4",14,"experiment","Look at diseases like heart failure, strokes, kidney disease in your country and compare it to the other country.",2,3,2,2.333333333,15796,0.022105564,"testing food healthiness in neighboring countries",0.0972330878254381
"food","study_4",14,"experiment","Look at the obesity levels in your country verses the other country.",2,2,3,2.333333333,15797,-0.152507059,"testing food healthiness in neighboring countries",-0.192003161191187
"food","study_4",14,"experiment","Research on the internet",1,1,1,1,15798,-0.905562196,"testing food healthiness in neighboring countries",-2.14555796856234
"food","study_4",55,"experiment","Look at the most prominent foods in each country and compare.",2,3,3,2.666666667,16915,0.168859089,"testing food healthiness in neighboring countries",0.414394278783475
"food","study_4",55,"experiment","Look to see if one country feeds off of more processed food than fresh food.",2,3,3,2.666666667,16916,0.168859089,"testing food healthiness in neighboring countries",0.414394278783475
"food","study_4",92,"experiment","Calculate the amount of calorie intake from each coun",3,3,2,2.666666667,17944,0.160287502,"testing food healthiness in neighboring countries",0.392834367922429
"food","study_4",107,"experiment","comparing the staple ingredience of the countries and compare the nutritioal value",2,3,2,2.333333333,18319,0.022105564,"testing food healthiness in neighboring countries",0.0972330878254381
"food","study_4",67,"experiment","Go to that country",2,1,1,1.333333333,17295,-0.767380257,"testing food healthiness in neighboring countries",-1.65982791426348
"food","study_4",67,"experiment","Interview residents of both countries",3,3,2,2.666666667,17296,0.160287502,"testing food healthiness in neighboring countries",0.392834367922429
"food","study_4",37,"experiment","Find out if their food has been genetically modified.",2,5,3,3.333333333,16429,0.811591384,"testing food healthiness in neighboring countries",1.18284257492424
"food","study_4",37,"experiment","Find out if their food is organic or local.",2,4,2,2.666666667,16430,0.343471711,"testing food healthiness in neighboring countries",0.489059576288559
"food","study_4",37,"experiment","Find out if their food is processed or artifical.",2,3,2,2.333333333,16431,0.022105564,"testing food healthiness in neighboring countries",0.0972330878254381
"food","study_4",43,"experiment","look at the types of food being served",2,2,2,2,16596,-0.299260584,"testing food healthiness in neighboring countries",-0.525050470132221
"food","study_4",43,"experiment","one of the locations could be close to a farm",2,3,NA,2.5,16597,0.057504892,"testing food healthiness in neighboring countries",0.17396177748816
"food","study_4",43,"experiment","test the food for additives and preservatives",4,3,2,3,16598,0.298469441,"testing food healthiness in neighboring countries",0.588564644151372
"food","study_4",86,"experiment","Find which food groups are most commonly eaten.",3,2,3,2.666666667,17794,-0.01432512,"testing food healthiness in neighboring countries",0.16933166843992
"food","study_4",29,"experiment","Compare the two different foods for fat and sugar amount",2,2,2,2,16185,-0.299260584,"testing food healthiness in neighboring countries",-0.525050470132221
"food","study_4",29,"experiment","Have two groups of random people have a strict diet of one country's food for a week and compare the results of their blood sugar and cholestrial",3,3,3,3,16186,0.307041027,"testing food healthiness in neighboring countries",0.690466144311051
"food","study_4",29,"experiment","Higher obesity rates compared in both countries",2,2,3,2.333333333,16187,-0.152507059,"testing food healthiness in neighboring countries",-0.192003161191187
"food","study_4",29,"experiment","Look at a comparison of average weights of people from both countries",2,2,3,2.333333333,16188,-0.152507059,"testing food healthiness in neighboring countries",-0.192003161191187
"food","study_4",42,"experiment","Look at the nutrients in the food.",2,2,2,2,16563,-0.299260584,"testing food healthiness in neighboring countries",-0.525050470132221
"food","study_4",42,"experiment","See how many calories are in each food item.",2,2,2,2,16564,-0.299260584,"testing food healthiness in neighboring countries",-0.525050470132221
"food","study_4",42,"experiment","See how the food is made.",4,3,3,3.333333333,16565,0.445222966,"testing food healthiness in neighboring countries",0.90881115354593
"food","study_4",42,"experiment","See the side effects of the two food on humans.",2,3,3,2.666666667,16566,0.168859089,"testing food healthiness in neighboring countries",0.414394278783475
"food","study_4",60,"experiment","By comparing the health status pf two people based off their diets.",3,3,3,3,17059,0.307041027,"testing food healthiness in neighboring countries",0.690466144311051
"food","study_4",15,"experiment","collect food from these two country and test the elements contained",3,3,4,3.333333333,15821,0.453794553,"testing food healthiness in neighboring countries",0.877370398224682
"food","study_4",15,"experiment","spend 1 year in each country and record the body weight, the skin condition,the feeling of eating",2,4,3,3,15822,0.490225237,"testing food healthiness in neighboring countries",0.866730996624429
"food","study_4",101,"experiment","Use chemical analysis to determine which nutrition is more and better.",2,3,3,2.666666667,18178,0.168859089,"testing food healthiness in neighboring countries",0.414394278783475
"food","study_4",78,"experiment","compare food in an experiment of your country and theirs. Have each side have a group that eats their own food and then a group that switches to eat food of their neighbors",3,2,4,3,17563,0.132428405,"testing food healthiness in neighboring countries",0.33879117287375
"food","study_4",83,"experiment","ask a nutritionist to look at your data",4,2,2,2.666666667,17687,-0.022896707,"testing food healthiness in neighboring countries",-0.00594347946652664
"food","study_4",83,"experiment","compare the two areas",2,2,1,1.666666667,17688,-0.446014109,"testing food healthiness in neighboring countries",-0.91548166227989
"food","study_4",73,"experiment","Compare diseases from each population",3,3,2,2.666666667,17444,0.160287502,"testing food healthiness in neighboring countries",0.392834367922429
"food","study_4",78,"experiment","Steal their food and have some people within your own country eat theirs and some eat your own original food",2,2,2,2,17566,-0.299260584,"testing food healthiness in neighboring countries",-0.525050470132221
"food","study_4",56,"experiment","Compare a food from the other country to the same one in my country",3,2,3,2.666666667,16945,-0.01432512,"testing food healthiness in neighboring countries",0.16933166843992
"food","study_4",56,"experiment","Eat their food for a year, check for differences in your health",2,3,3,2.666666667,16946,0.168859089,"testing food healthiness in neighboring countries",0.414394278783475
"food","study_4",56,"experiment","Hold a competition between citizens of both countries",2,1,1,1.333333333,16947,-0.767380257,"testing food healthiness in neighboring countries",-1.65982791426348
"food","study_4",16,"experiment","Create a list of commonly eaten foods in both country and then compare the amount of fats/sodium in the food tother.",2,4,2,2.666666667,15832,0.343471711,"testing food healthiness in neighboring countries",0.489059576288559
"food","study_4",16,"experiment","Eat both commonly eaten foods from each country for one week and see which set of foods gave you more energy.",2,3,3,2.666666667,15833,0.168859089,"testing food healthiness in neighboring countries",0.414394278783475
"food","study_4",83,"experiment","test the most traditional foods",2,2,3,2.333333333,17694,-0.152507059,"testing food healthiness in neighboring countries",-0.192003161191187
"food","study_4",16,"experiment","Take the most commonly eaten foods from each country and then compare how each food was prepared (was it fried, steamed, etc.)",2,3,3,2.666666667,15835,0.168859089,"testing food healthiness in neighboring countries",0.414394278783475
"food","study_4",68,"experiment","Randomly samply 45 students from the university. Randomly give them either native food or foreign food. The students can only eat that food for the entire semester. At the end of the semester, view the weight of the students compared to when they first began. Also interview them and ask how they felt.",2,3,5,3.333333333,17328,0.462366139,"testing food healthiness in neighboring countries",0.628494338075345
"food","study_4",97,"experiment","igure out key ingredients in both of the foods and come to a conclution whichis more healthy",2,4,2,2.666666667,18065,0.343471711,"testing food healthiness in neighboring countries",0.489059576288559
"food","study_4",87,"experiment","with chemical tests",2,NA,3,2.5,17821,0.080908099,"testing food healthiness in neighboring countries",0.212340498657882
"food","study_4",38,"experiment","eat both types of food for 10 days each and see how they both affect your health.",2,3,3,2.666666667,16463,0.168859089,"testing food healthiness in neighboring countries",0.414394278783475
"food","study_4",79,"experiment","Eat the food and see the long term affects they have on the individual.",2,3,3,2.666666667,17579,0.168859089,"testing food healthiness in neighboring countries",0.414394278783475
"food","study_4",18,"experiment","Come up with similarities and differences.",3,2,2,2.333333333,15881,-0.161078646,"testing food healthiness in neighboring countries",-0.174225127023173
"food","study_4",18,"experiment","Enlist human subjects.",2,1,1,1.333333333,15882,-0.767380257,"testing food healthiness in neighboring countries",-1.65982791426348
"food","study_4",92,"experiment","Figure out how many fast food places each country has to see who has the most.",4,3,2,3,17947,0.298469441,"testing food healthiness in neighboring countries",0.588564644151372
"food","study_4",92,"experiment","Have a testing group one half eats food from the neighboring country and the other eats from your own country and after a month do a physical on each person from the group and review the data.",2,3,3,2.666666667,17948,0.168859089,"testing food healthiness in neighboring countries",0.414394278783475
"food","study_4",116,"experiment","Consume a diet of food from one country for 6 months then the other country's food for 6 months and compare BMI, Weight, State of Feeling in journal.",3,5,3,3.666666667,18569,0.949773323,"testing food healthiness in neighboring countries",1.47786024092044
"food","study_4",116,"experiment","Receive identical food from both countries and examine the nutritional value of food.",2,2,2,2,18570,-0.299260584,"testing food healthiness in neighboring countries",-0.525050470132221
"food","study_4",102,"experiment","assign 100 people in your country to eating only your countries food for 6 months and assign 100 people from the neighboring country to eat only that countries food for 6 months and compare weight gain/loss from their original weights.",4,5,5,4.666666667,18202,1.381462312,"testing food healthiness in neighboring countries",2.3244727583927
"food","study_4",44,"experiment","see what both local grocery stores offer, is there an abundance or shortage of healthier options",2,3,4,3,16637,0.315612614,"testing food healthiness in neighboring countries",0.587403028391109
"food","study_4",44,"experiment","test to see if children tend to eat or grow up in healthier food environments",5,4,4,4.333333333,16638,1.051524577,"testing food healthiness in neighboring countries",1.86993497244832
"food","study_4",58,"experiment","you mkae two groups of random people from your country, 1 group eats food from your country, the other group eats food from the other country, and you keep track of both groups health over the course of a month",2,2,3,2.333333333,17007,-0.152507059,"testing food healthiness in neighboring countries",-0.192003161191187
"food","study_4",34,"experiment","Have someone eat one countries food for three months, then the others for three months, then examine at which month the subject was the healthiest, then repeat with several people",2,2,4,2.666666667,16346,-0.005753534,"testing food healthiness in neighboring countries",-0.0575799040986831
"food","study_4",52,"experiment","Get people from my country to try the others",2,2,3,2.333333333,16845,-0.152507059,"testing food healthiness in neighboring countries",-0.192003161191187
"food","study_4",30,"experiment","Find out how much fat is in similar foods.",2,2,2,2,16226,-0.299260584,"testing food healthiness in neighboring countries",-0.525050470132221
"food","study_4",30,"experiment","Look at how many artificial ingredients are in similar products.",2,2,2,2,16227,-0.299260584,"testing food healthiness in neighboring countries",-0.525050470132221
"food","study_4",74,"experiment","Test the average health of the people in the neighboring country versus my own.",2,2,2,2,17472,-0.299260584,"testing food healthiness in neighboring countries",-0.525050470132221
"food","study_4",74,"experiment","You could evaulate the food side by side and test its cmponents.",2,2,3,2.333333333,17473,-0.152507059,"testing food healthiness in neighboring countries",-0.192003161191187
"food","study_4",17,"experiment","Ask doctors from each country to provide weight averages of their patients",3,3,3,3,15857,0.307041027,"testing food healthiness in neighboring countries",0.690466144311051
"food","study_4",17,"experiment","Get a sample of a bunch of different restaurants from each country and see which has the higher average calorie count, fat, carbs, etc.",2,2,3,2.333333333,15858,-0.152507059,"testing food healthiness in neighboring countries",-0.192003161191187
"food","study_4",17,"experiment","Go to various parts of each country and see for yourself who is heavier",2,2,1,1.666666667,15859,-0.446014109,"testing food healthiness in neighboring countries",-0.91548166227989
"food","study_4",69,"experiment","Compare obesity rates in my country and the neighboring country.",4,2,3,3,17351,0.123856818,"testing food healthiness in neighboring countries",0.385195731785799
"food","study_4",69,"experiment","Find people from the neighboring country and conduct a survey on how healthy they think their food is and then conduct the same survey in my ocuntry.",3,2,2,2.333333333,17352,-0.161078646,"testing food healthiness in neighboring countries",-0.174225127023173
"food","study_4",98,"experiment","you calculate each food's nutritional value",2,2,2,2,18091,-0.299260584,"testing food healthiness in neighboring countries",-0.525050470132221
"food","study_4",108,"experiment","see how they prepare their food",2,3,3,2.666666667,18343,0.168859089,"testing food healthiness in neighboring countries",0.414394278783475
"food","study_4",108,"experiment","see if they use chemicals and preservatives like we do",3,4,3,3.333333333,18344,0.628407175,"testing food healthiness in neighboring countries",1.13388783765029
"food","study_4",117,"experiment","Feed one person neighboring food, and another person our native food and watch the effects",4,3,2,3,18589,0.298469441,"testing food healthiness in neighboring countries",0.588564644151372
"food","study_4",117,"experiment","Look at the health of that country's people",2,2,2,2,18590,-0.299260584,"testing food healthiness in neighboring countries",-0.525050470132221
"food","study_4",114,"experiment","look to see how fresh the food is - when it was harvested/slaughtered/made",4,3,3,3.333333333,18510,0.445222966,"testing food healthiness in neighboring countries",0.90881115354593
"food","study_4",119,"experiment","Find statistics on eating patterns of people in each country. If people tend to eat unhealthier options in my country, the food must be unhealthy compared to the neighboring country.",2,3,3,2.666666667,18631,0.168859089,"testing food healthiness in neighboring countries",0.414394278783475
"food","study_4",119,"experiment","Find a popular meal from each and country and compare the healthy stats from the entire meal",4,3,3,3.333333333,18630,0.445222966,"testing food healthiness in neighboring countries",0.90881115354593
"food","study_4",45,"experiment","have a two group of individuals from the same country test both food to make sure that genetics of the people do not factor into the outcome",2,3,4,3,16659,0.315612614,"testing food healthiness in neighboring countries",0.587403028391109
"food","study_4",35,"experiment","Take food from your country and from the neigh",2,NA,NA,2,16367,-0.148740275,"testing food healthiness in neighboring countries",-0.275329361359205
"food","study_4",35,"experiment","Take people from the neighboring country and put them on a diet with food from your own country and see if it has any negative effects on them.",2,2,3,2.333333333,16368,-0.152507059,"testing food healthiness in neighboring countries",-0.192003161191187
"food","study_4",72,"experiment","how are chickens and cows raised on farms",4,4,NA,4,17406,0.742372625,"testing food healthiness in neighboring countries",1.3220182008618
"food","study_4",72,"experiment","how clean are their restuarants",4,4,NA,4,17407,0.742372625,"testing food healthiness in neighboring countries",1.3220182008618
"food","study_4",80,"experiment","Set up an experiment where two people with the same metabolism and weight are given a the same workout regimend and meal plan, but one is eating the food made in my country and the other is eating food from the other country",2,4,3,3,17614,0.490225237,"testing food healthiness in neighboring countries",0.866730996624429
"food","study_4",80,"experiment","Take samples of the same food from each country and test it for chemical additions, as well as, test both to see the amount of fat and sugar added",2,3,3,2.666666667,17615,0.168859089,"testing food healthiness in neighboring countries",0.414394278783475
"food","study_4",113,"experiment","feed the food sample to some obese from own cou",4,2,NA,3,18480,0.005942143,"testing food healthiness in neighboring countries",0.0707911895142781
"food","study_4",113,"experiment","Look at the children to see if they are growing at normal or better rates than the other country.",5,5,2,4,18481,1.079383675,"testing food healthiness in neighboring countries",1.72525210254404
"food","study_4",31,"experiment","check the health background of the people of said country",3,3,3,3,16252,0.307041027,"testing food healthiness in neighboring countries",0.690466144311051
"food","study_4",31,"experiment","find out the countries growing methods of the crops",4,4,3,3.666666667,16253,0.766589114,"testing food healthiness in neighboring countries",1.38721413959545
"food","study_4",100,"experiment","compare the obesity rates in the two countries",4,2,3,3,18151,0.123856818,"testing food healthiness in neighboring countries",0.385195731785799
"food","study_4",75,"experiment","exam them again and compare the difference between last month and now",2,1,3,2,17499,-0.473873207,"testing food healthiness in neighboring countries",-0.835720653240853
"food","study_4",18,"experiment","Gather the same type of food from each country.",2,1,3,2,15883,-0.473873207,"testing food healthiness in neighboring countries",-0.835720653240853
"food","study_4",75,"experiment","random sample around 100 people in both countries",2,2,1,1.666666667,17502,-0.446014109,"testing food healthiness in neighboring countries",-0.91548166227989
"food","study_4",70,"experiment","use multiple people to eat the same foods in both countries and compare their health after a certain amount of time",2,2,3,2.333333333,17375,-0.152507059,"testing food healthiness in neighboring countries",-0.192003161191187
"food","study_4",18,"experiment","Look at the way that each food is grown and processed.",2,2,3,2.333333333,15886,-0.152507059,"testing food healthiness in neighboring countries",-0.192003161191187
"food","study_4",18,"experiment","Meausre their overall health.",2,2,2,2,15887,-0.299260584,"testing food healthiness in neighboring countries",-0.525050470132221
"food","study_4",77,"experiment","Make sure that other factors like exercise are not (or minimally) affecting the overall health of the subject",2,3,4,3,17545,0.315612614,"testing food healthiness in neighboring countries",0.587403028391109
"food","study_4",37,"experiment","Go to the country and compare their food to your food.",2,2,1,1.666666667,16432,-0.446014109,"testing food healthiness in neighboring countries",-0.91548166227989
"food","study_4",61,"experiment","Compare rates of heart disease and diabetes between the two countries",2,4,4,3.333333333,17088,0.636978762,"testing food healthiness in neighboring countries",1.11366578687525
"food","study_4",85,"experiment","compare the same foods ingrediants",2,2,2,2,17753,-0.299260584,"testing food healthiness in neighboring countries",-0.525050470132221
"food","study_4",85,"experiment","compare the same foods sodium",2,2,2,2,17754,-0.299260584,"testing food healthiness in neighboring countries",-0.525050470132221
"food","study_4",104,"experiment","You have everyone in your country eat their food instead for a month to see how it affects the average peron",2,2,3,2.333333333,18248,-0.152507059,"testing food healthiness in neighboring countries",-0.192003161191187
"food","study_4",109,"experiment","Test the expiration time period of the food.",5,3,2,3.333333333,18374,0.436651379,"testing food healthiness in neighboring countries",0.696174274053936
"food","study_4",85,"experiment","see if swapping leads to increase/decrease in sleep levels",4,2,4,3.333333333,17757,0.270610343,"testing food healthiness in neighboring countries",0.610722554187985
"food","study_4",85,"experiment","swap each others food supply and see if there is an increase/decrease in weight gain",2,3,3,2.666666667,17758,0.168859089,"testing food healthiness in neighboring countries",0.414394278783475
"food","study_4",42,"experiment","Compare the two foods.",2,2,3,2.333333333,16562,-0.152507059,"testing food healthiness in neighboring countries",-0.192003161191187
"food","study_4",106,"experiment","Get two groups of people from similar backgrounds and similar health backgrounds, have one group eat our food and have the other grop eat the food from a neighboring country, then compare.",2,3,4,3,18293,0.315612614,"testing food healthiness in neighboring countries",0.587403028391109
"food","study_4",64,"experiment","Asking their opinions on the food from the neighboring country",2,3,3,2.666666667,17180,0.168859089,"testing food healthiness in neighboring countries",0.414394278783475
"food","study_4",60,"experiment","By comparing the calories of the food admijistered in each country.",3,3,2,2.666666667,17058,0.160287502,"testing food healthiness in neighboring countries",0.392834367922429
"food","study_4",81,"experiment","Feed one group food from the neighboring country and one group food from your own country and see if one group gains more weight",4,2,3,3,17640,0.123856818,"testing food healthiness in neighboring countries",0.385195731785799
"food","study_4",76,"experiment","Bring two groups of people from the same county to an entirely new environment and have one group eat the neghboring food and one group eat your countries food and test the effects after time.",4,5,5,4.666666667,17520,1.381462312,"testing food healthiness in neighboring countries",2.3244727583927
"food","study_4",76,"experiment","Have one groupd of people eat the neighboring food in your country and one in the neighboring country. Also, have one group of people eat your food in your country and the neighboring country. Repeat this over time and test the different effects that it has on health.",2,3,4,3,17521,0.315612614,"testing food healthiness in neighboring countries",0.587403028391109
"food","study_4",114,"experiment","look at how processed the food is",3,2,2,2.333333333,18507,-0.161078646,"testing food healthiness in neighboring countries",-0.174225127023173
"food","study_4",114,"experiment","look at the added sugar contents of foods",2,2,2,2,18508,-0.299260584,"testing food healthiness in neighboring countries",-0.525050470132221
"food","study_4",90,"experiment","Take people from both countries and make them eat food from the other and monitor their health",2,3,3,2.666666667,17889,0.168859089,"testing food healthiness in neighboring countries",0.414394278783475
"food","study_4",78,"experiment","compare the genetic make up of the food to see if there is a biological difference in the food that could account for hypothesis that their food is healthier",3,4,4,3.666666667,17565,0.7751607,"testing food healthiness in neighboring countries",1.37037104268327
"food","study_4",107,"experiment","compare the preperation of the food i.e. frying or eating raw",2,3,3,2.666666667,18318,0.168859089,"testing food healthiness in neighboring countries",0.414394278783475
"food","study_4",63,"experiment","people are not able to cook in a helthy way",2,NA,NA,2,17162,-0.148740275,"testing food healthiness in neighboring countries",-0.275329361359205
"food","study_4",21,"experiment","Analyze obesity rates in both countries",3,3,3,3,15955,0.307041027,"testing food healthiness in neighboring countries",0.690466144311051
"food","study_4",72,"experiment","are there food processing facilities",3,5,NA,4,17404,0.952261619,"testing food healthiness in neighboring countries",1.41871772686829
"food","study_4",72,"experiment","does the country consume carbonated drinks",4,3,1,2.666666667,17405,0.151715915,"testing food healthiness in neighboring countries",0.340855800859838
"food","study_4",83,"experiment","survey to everyone",2,1,2,1.666666667,17693,-0.620626732,"testing food healthiness in neighboring countries",-1.17998035075409
"food","study_4",56,"experiment","See how they are producing food differently",2,3,3,2.666666667,16948,0.168859089,"testing food healthiness in neighboring countries",0.414394278783475
"food","study_4",72,"experiment","how much fast food is consumed",4,3,NA,3.5,17408,0.374157384,"testing food healthiness in neighboring countries",0.7568916610022
"food","study_4",72,"experiment","saturated fat vs unsaturated fat in food",2,2,2,2,17409,-0.299260584,"testing food healthiness in neighboring countries",-0.525050470132221
"food","study_4",72,"experiment","test composition of food",2,2,3,2.333333333,17411,-0.152507059,"testing food healthiness in neighboring countries",-0.192003161191187
"food","study_4",72,"experiment","test the countries use of pesticides on food",5,4,3,4,17412,0.904771052,"testing food healthiness in neighboring countries",1.5749269481807
"food","study_4",72,"experiment","what is the quality of meat compared to one's country",4,4,NA,4,17413,0.742372625,"testing food healthiness in neighboring countries",1.3220182008618
"food","study_4",72,"experiment","what is their daily diet like",2,2,NA,2,17414,-0.310710349,"testing food healthiness in neighboring countries",-0.570972353957729
"food","study_4",33,"experiment","Bag and plead that we get the food",1,1,1,1,16307,-0.905562196,"testing food healthiness in neighboring countries",-2.14555796856234
"food","study_4",86,"experiment","Test local crops for GMO's.",4,4,3,3.666666667,17797,0.766589114,"testing food healthiness in neighboring countries",1.38721413959545
"food","study_4",75,"experiment","exam there health condion andcollect dta.",2,2,NA,2,17500,-0.310710349,"testing food healthiness in neighboring countries",-0.570972353957729
"food","study_4",37,"experiment","Compare the nutrional value of their food to yours.",2,3,2,2.333333333,16427,0.022105564,"testing food healthiness in neighboring countries",0.0972330878254381
"food","study_4",37,"experiment","Find out if the food is fresh.",2,2,3,2.333333333,16428,-0.152507059,"testing food healthiness in neighboring countries",-0.192003161191187
"food","study_4",77,"experiment","Create a control group on their normal diets, another group on a diet from your country, and another group on a diet from the neighboring country.",3,3,3,3,17543,0.307041027,"testing food healthiness in neighboring countries",0.690466144311051
"food","study_4",77,"experiment","Look at national statistics regarding obesity and malnourishment.",4,3,3,3.333333333,17544,0.445222966,"testing food healthiness in neighboring countries",0.90881115354593
"food","study_4",94,"experiment","You can read ingredients within your food.",3,2,2,2.333333333,17993,-0.161078646,"testing food healthiness in neighboring countries",-0.174225127023173
"food","study_4",61,"experiment","Compare how many food processing factories are in each country",3,3,3,3,17087,0.307041027,"testing food healthiness in neighboring countries",0.690466144311051
"food","study_4",118,"experiment","Form 2 diets, each from food of one of the countries. Find 2 people with about the same height, build, and daily routine. Have each of them live off one of the two diets for a fixed time and after that time has past have them take a physical and see which one is healthier.",2,4,4,3.333333333,18613,0.636978762,"testing food healthiness in neighboring countries",1.11366578687525
"food","study_4",34,"experiment","Have different groups of people eat each countries food, see which groups health improves by checking things like heart rate and blood pressure.",2,2,3,2.333333333,16345,-0.152507059,"testing food healthiness in neighboring countries",-0.192003161191187
"food","study_4",52,"experiment","Find medial factors and patterns in consumption of food",2,4,2,2.666666667,16844,0.343471711,"testing food healthiness in neighboring countries",0.489059576288559
"food","study_4",33,"experiment","Ask the country if it is true",2,1,2,1.666666667,16306,-0.620626732,"testing food healthiness in neighboring countries",-1.17998035075409
"food","study_4",54,"experiment","try food samples from neighboring country",2,1,2,1.666666667,16898,-0.620626732,"testing food healthiness in neighboring countries",-1.17998035075409
"food","study_4",89,"experiment","Have half of the healthy community eat the bad food for a month, and measure their weight and vitals at the end.",2,2,3,2.333333333,17863,-0.152507059,"testing food healthiness in neighboring countries",-0.192003161191187
"food","study_4",111,"experiment","test the nutrition of the foods",3,2,2,2.333333333,18416,-0.161078646,"testing food healthiness in neighboring countries",-0.174225127023173
"food","study_4",84,"experiment","Examine how the foods are produced or processed.",2,3,3,2.666666667,17717,0.168859089,"testing food healthiness in neighboring countries",0.414394278783475
"food","study_4",48,"experiment","Compare the general health rates between the two countries.",3,2,3,2.666666667,16728,-0.01432512,"testing food healthiness in neighboring countries",0.16933166843992
"food","study_4",48,"experiment","Find similar behaving people (e.g. go to the gym and perform the same exercises, same work environment, same living environment, same medical history, etc.) and have the only difference be the food that they eat.",3,3,4,3.333333333,16729,0.453794553,"testing food healthiness in neighboring countries",0.877370398224682
"food","study_4",48,"experiment","Have your identical twin live in the neighboring country for a period of time and mirror each other's behaviors. Repeat with other identical twins.",4,5,5,4.666666667,16730,1.381462312,"testing food healthiness in neighboring countries",2.3244727583927
"food","study_4",64,"experiment","Eating the food",2,1,2,1.666666667,17182,-0.620626732,"testing food healthiness in neighboring countries",-1.17998035075409
"food","study_4",60,"experiment","By taking two subjects one in the possible healthier country and one in the nonhealthy country and comparing the results of what they eat daily after two weeks.",3,3,3,3,17060,0.307041027,"testing food healthiness in neighboring countries",0.690466144311051
"food","study_4",101,"experiment","To find their farm which produce them.",4,4,2,3.333333333,18177,0.619835588,"testing food healthiness in neighboring countries",1.06904745082024
"food","study_4",91,"experiment","I would test this hypothesis by comparing heath records in this other country in comparison to my country",3,3,2,2.666666667,17927,0.160287502,"testing food healthiness in neighboring countries",0.392834367922429
"food","study_4",115,"experiment","we can take a new born twin and have one live in the neighboring country and one live in our country. both twinn would have the same life style and activities, with the only difference being the food types",5,5,5,5,18547,1.51964425,"testing food healthiness in neighboring countries",2.72001448833075
"food","study_4",78,"experiment","compare the differences in how they grow their food to see if they refrain from putting pesticides or other harmful carcinogens",4,5,4,4.333333333,17564,1.234708787,"testing food healthiness in neighboring countries",2.13801449686175
"food","study_4",107,"experiment","compare the ingredience in the food",3,2,3,2.666666667,18317,-0.01432512,"testing food healthiness in neighboring countries",0.16933166843992
"food","study_4",65,"experiment","compare prices of different foods in each iuntry",3,2,2,2.333333333,17219,-0.161078646,"testing food healthiness in neighboring countries",-0.174225127023173
"food","study_4",113,"experiment","Take a food samle and compare it to one's country choice of healthy food.",2,3,3,2.666666667,18482,0.168859089,"testing food healthiness in neighboring countries",0.414394278783475
"food","study_4",113,"experiment","Take a food sample from the neighboring country and test it.",2,2,3,2.333333333,18483,-0.152507059,"testing food healthiness in neighboring countries",-0.192003161191187
"food","study_4",73,"experiment","Compare the percentage of local and organic food bought and consumed",2,5,3,3.333333333,17447,0.811591384,"testing food healthiness in neighboring countries",1.18284257492424
"food","study_4",83,"experiment","research the ingredients",4,1,2,2.333333333,17692,-0.344262855,"testing food healthiness in neighboring countries",-0.61137351213391
"food","study_4",105,"experiment","compare the sugars in the foods to see which one is healthier",2,2,2,2,18267,-0.299260584,"testing food healthiness in neighboring countries",-0.525050470132221
"food","study_4",105,"experiment","compare the weight of the people who live in yur own country verses the people that live in the neighboring country",1,2,3,2,18268,-0.290688997,"testing food healthiness in neighboring countries",-0.549730742614752
"food","study_4",110,"experiment","check out the nutritional fact",3,2,2,2.333333333,18394,-0.161078646,"testing food healthiness in neighboring countries",-0.174225127023173
"food","study_4",82,"experiment","Determine the availability of medication.",5,4,2,3.666666667,17654,0.758017527,"testing food healthiness in neighboring countries",1.23884583740569
"food","study_4",122,"experiment","Compare the quality of life to that of your country. Food usually contributes to a higher quality of life.",4,4,3,3.666666667,18722,0.766589114,"testing food healthiness in neighboring countries",1.38721413959545
"food","study_4",87,"experiment","look at the food since they are planted",4,3,3,3.333333333,17820,0.445222966,"testing food healthiness in neighboring countries",0.90881115354593
"food","study_4",38,"experiment","Compare nutrition facts.",2,2,2,2,16462,-0.299260584,"testing food healthiness in neighboring countries",-0.525050470132221
"food","study_4",43,"experiment","test the food yourself",2,1,2,1.666666667,16599,-0.620626732,"testing food healthiness in neighboring countries",-1.17998035075409
"food","study_4",90,"experiment","Compare the rate of food-borne illnesses in both countries.",5,5,2,4,17886,1.079383675,"testing food healthiness in neighboring countries",1.72525210254404
"food","study_4",65,"experiment","determine if organic truly means healthier",2,3,2,2.333333333,17220,0.022105564,"testing food healthiness in neighboring countries",0.0972330878254381
"food","study_4",84,"experiment","Compare the two countries' diets",2,2,2,2,17716,-0.299260584,"testing food healthiness in neighboring countries",-0.525050470132221
"food","study_4",121,"experiment","compare a standard meal in that country and a standard meal in our country and see the health and nutritional facts",3,2,2,2.333333333,18689,-0.161078646,"testing food healthiness in neighboring countries",-0.174225127023173
"food","study_4",121,"experiment","Go to that country and try the food",2,1,1,1.333333333,18690,-0.767380257,"testing food healthiness in neighboring countries",-1.65982791426348
"food","study_4",121,"experiment","look at a control group of people who are all 80 years old, half from this country and half from my country and see, on average, which people look and feel healthier",3,3,2,2.666666667,18691,0.160287502,"testing food healthiness in neighboring countries",0.392834367922429
"food","study_4",44,"experiment","collect data average weight of a specific age group from both countries and compare",3,2,3,2.666666667,16634,-0.01432512,"testing food healthiness in neighboring countries",0.16933166843992
"food","study_4",88,"experiment","Research where each country gets its foods from. (i.e.: fresh farms, etc.)",2,3,3,2.666666667,17842,0.168859089,"testing food healthiness in neighboring countries",0.414394278783475
"food","study_4",44,"experiment","research the cause of death or most common health problems in both countries",2,2,2,2,16636,-0.299260584,"testing food healthiness in neighboring countries",-0.525050470132221
"food","study_4",93,"experiment","By placing four groups in the same location, all doing the same activities and eating the same amount. The first group from the neighboring country eating the neighboring countries food. The second from the neighboring country eating ""my"" country's food. The third from my country, eating the neighboring country's food. The last from my country, eating our food. Then after a couple of weeks",3,5,NA,4,17966,0.952261619,"testing food healthiness in neighboring countries",1.41871772686829
"food","study_4",58,"experiment","test sugar in",2,2,NA,2,17006,-0.310710349,"testing food healthiness in neighboring countries",-0.570972353957729
"food","study_4",104,"experiment","You can look at the average life span of people in each country",4,3,2,3,18246,0.298469441,"testing food healthiness in neighboring countries",0.588564644151372
"food","study_4",90,"experiment","Run scans of calorie content on the food",2,2,2,2,17888,-0.299260584,"testing food healthiness in neighboring countries",-0.525050470132221
"food","study_4",89,"experiment","Give both neighborhoods a strict workout routine, and they must eat the same food and amount daily. One neighborhood gets the ""healthier"" food, and the other neighborhood gets the normal food.",2,3,4,3,17862,0.315612614,"testing food healthiness in neighboring countries",0.587403028391109
"food","study_4",63,"experiment","in my country there are a lot fat people",2,NA,1,1.5,17161,-0.408958804,"testing food healthiness in neighboring countries",-0.825544137060573
"food","study_4",55,"experiment","Look at statistics of buying vs growing food in both countries.",3,4,3,3.333333333,16914,0.628407175,"testing food healthiness in neighboring countries",1.13388783765029
"food","study_4",86,"experiment","Go through a list of everyday meals and heir ingredients with locals.",2,2,2,2,17796,-0.299260584,"testing food healthiness in neighboring countries",-0.525050470132221
"food","study_4",86,"experiment","Gather data from different sources (different people) and note the types of food commonly mentioned",2,3,3,2.666666667,17795,0.168859089,"testing food healthiness in neighboring countries",0.414394278783475
"food","study_4",96,"experiment","Look at the different ingredigents used in th products.",3,2,2,2.333333333,18044,-0.161078646,"testing food healthiness in neighboring countries",-0.174225127023173
"food","study_4",96,"experiment","Look at where the most popular food of each country is coming from and being processed at.",4,4,4,4,18045,0.913342639,"testing food healthiness in neighboring countries",1.64413904879864
"food","study_4",114,"experiment","travel there and try for yourself",2,2,2,2,18513,-0.299260584,"testing food healthiness in neighboring countries",-0.525050470132221
"food","study_4",98,"experiment","calculate the average weight, blood pressure, and health of the different people in different countries",3,4,3,3.333333333,18088,0.628407175,"testing food healthiness in neighboring countries",1.13388783765029
"food","study_4",44,"experiment","research and test groups of people for obesity rates or other associated health risks",2,3,3,2.666666667,16635,0.168859089,"testing food healthiness in neighboring countries",0.414394278783475
"food","study_4",108,"experiment","eat both for awhile and see the results",2,2,2,2,18342,-0.299260584,"testing food healthiness in neighboring countries",-0.525050470132221
"food","study_4",90,"experiment","Conduct surveys to see how much people of each country tend to exercise to ensure that the diet is the main cause of the unhealthy nature",4,5,3,4,17887,1.087955261,"testing food healthiness in neighboring countries",1.80390844432094
"food","study_4",122,"experiment","Find the overall BMI rating of the neighboring country and your own. If the food in unhealthy in your area, your BMI will be higher (?)",2,3,3,2.666666667,18725,0.168859089,"testing food healthiness in neighboring countries",0.414394278783475
"food","study_4",104,"experiment","You eat the other country's food and they eat yours for a month to see the affect",2,2,3,2.333333333,18247,-0.152507059,"testing food healthiness in neighboring countries",-0.192003161191187
"food","study_4",109,"experiment","Find the source of where the food in the neighboring country was grown.",2,3,3,2.666666667,18373,0.168859089,"testing food healthiness in neighboring countries",0.414394278783475
"food","study_4",111,"experiment","let 30 people from your country eat food from the other country observe what happens",2,2,3,2.333333333,18414,-0.152507059,"testing food healthiness in neighboring countries",-0.192003161191187
"food","study_4",100,"experiment","compare public health statistics in the two countries",2,3,3,2.666666667,18150,0.168859089,"testing food healthiness in neighboring countries",0.414394278783475
"food","study_4",114,"experiment","see if the fact it is healthier is just an issue of preference - consumer wise people just buy unhealthierr things and therefore there isnt healthy food",2,5,3,3.333333333,18512,0.811591384,"testing food healthiness in neighboring countries",1.18284257492424
"food","study_4",59,"experiment","Collect data from indiviuals in both countrys and compare how healthy they are",3,2,3,2.666666667,17027,-0.01432512,"testing food healthiness in neighboring countries",0.16933166843992
"food","study_4",73,"experiment","Compare restraunts between the two countries",2,2,2,2,17446,-0.299260584,"testing food healthiness in neighboring countries",-0.525050470132221
"food","study_4",113,"experiment","Test the people from that country to see if they have longer life spans and lower obesity rates.",4,3,3,3.333333333,18484,0.445222966,"testing food healthiness in neighboring countries",0.90881115354593
"food","study_4",82,"experiment","Compare age distribution charts for both countries",3,1,3,2.333333333,17652,-0.335691268,"testing food healthiness in neighboring countries",-0.33312958955162
"food","study_4",101,"experiment","Buy the same kinds of food, and eat the food at different time. Tell the feeling.",2,2,3,2.333333333,18174,-0.152507059,"testing food healthiness in neighboring countries",-0.192003161191187
"food","study_4",82,"experiment","Given a random sample from both countries a survey about their health.",2,2,2,2,17655,-0.299260584,"testing food healthiness in neighboring countries",-0.525050470132221
"food","study_4",122,"experiment","Figure out the mortality rate in the neighboring country and your country, compare them and then see what factors (like food) contribute to the data.",4,5,3,4,18723,1.087955261,"testing food healthiness in neighboring countries",1.80390844432094
"food","study_4",52,"experiment","Do a census of nutrition and weight",2,3,3,2.666666667,16843,0.168859089,"testing food healthiness in neighboring countries",0.414394278783475
"food","study_4",54,"experiment","study the ""balanced diet"" meal of both countries in comparison",2,2,3,2.333333333,16897,-0.152507059,"testing food healthiness in neighboring countries",-0.192003161191187
"food","study_4",63,"experiment","i cannot find a lo of healthy food in my country supermarkets",NA,1,2,1.5,17160,-0.638687766,"testing food healthiness in neighboring countries",-1.24959282710921
"food","study_4",55,"experiment","Look at how each country prepares their meals.",2,3,3,2.666666667,16913,0.168859089,"testing food healthiness in neighboring countries",0.414394278783475
"food","study_4",109,"experiment","Test the results of someone eating the food in a neighboring country with someone eating food in your own country",3,2,3,2.666666667,18375,-0.01432512,"testing food healthiness in neighboring countries",0.16933166843992
"food","study_4",75,"experiment","make them eat the food from their own country for like a month",2,2,3,2.333333333,17501,-0.152507059,"testing food healthiness in neighboring countries",-0.192003161191187
"food","study_4",31,"experiment","test the nutrient content against outside food of the same kind",2,2,2,2,16256,-0.299260584,"testing food healthiness in neighboring countries",-0.525050470132221
"food","study_4",113,"experiment","Try to survive off of that country's food.",2,2,3,2.333333333,18485,-0.152507059,"testing food healthiness in neighboring countries",-0.192003161191187
"food","study_4",57,"experiment","find out the calorie count and what % is carb/fat/protein",2,3,2,2.333333333,16974,0.022105564,"testing food healthiness in neighboring countries",0.0972330878254381
"food","study_4",64,"experiment","Comparing it to the food from my country",1,2,2,1.666666667,17181,-0.437442523,"testing food healthiness in neighboring countries",-0.892152012790597
"food","study_4",57,"experiment","find people who are well fed in both countries and compare their lifestyles with their overall healthiness",2,3,3,2.666666667,16975,0.168859089,"testing food healthiness in neighboring countries",0.414394278783475
"food","study_4",54,"experiment","analytically account for the nutrition levels in the staple foods of the two countries",3,3,3,3,16895,0.307041027,"testing food healthiness in neighboring countries",0.690466144311051
"food","study_4",102,"experiment","have 100 poeple move to your country for 6 months and have 100 people from your ountry more to the neighboring country for 6 months and see how their weight changes",2,3,3,2.666666667,18203,0.168859089,"testing food healthiness in neighboring countries",0.414394278783475
"food","study_4",115,"experiment","I can look at the global health data of my neighboring country and compare and contrast the obesity. cancer, and chronic disease stastics (ex: type II diabetes, cardiovascular disease) with our country",4,4,3,3.666666667,18546,0.766589114,"testing food healthiness in neighboring countries",1.38721413959545
"food","study_4",55,"experiment","Look at factors such as time and accessability in both countries.",2,4,2,2.666666667,16912,0.343471711,"testing food healthiness in neighboring countries",0.489059576288559
"food","study_4",112,"experiment","Find links between healthier food and health issues in one of the countries",2,3,3,2.666666667,18453,0.168859089,"testing food healthiness in neighboring countries",0.414394278783475
"food","study_4",111,"experiment","let 30 people from the other country eat food from your country, see what changes",2,2,3,2.333333333,18413,-0.152507059,"testing food healthiness in neighboring countries",-0.192003161191187
"food","study_4",100,"experiment","compare health programs (ex: availability of healthy foods in public schools)",2,3,3,2.666666667,18148,0.168859089,"testing food healthiness in neighboring countries",0.414394278783475
"food","study_4",46,"experiment","You track how your body responds to the food in the new country vs your own country.",NA,3,3,3,16684,0.277382407,"testing food healthiness in neighboring countries",0.626571063907873
"food","study_4",31,"experiment","make a test group with as many participants feeding off the countries food and another off of similiar food for a set amount of time",2,3,3,2.666666667,16254,0.168859089,"testing food healthiness in neighboring countries",0.414394278783475
"food","study_4",84,"experiment","Examine the overwhelming population of that country and their obesity rates.",2,3,3,2.666666667,17718,0.168859089,"testing food healthiness in neighboring countries",0.414394278783475
"food","study_4",77,"experiment","Compare the chemical makeup of the foods in each country",3,3,3,3,17542,0.307041027,"testing food healthiness in neighboring countries",0.690466144311051
"food","study_4",96,"experiment","Look at the average weight of citizens from each country.",2,2,3,2.333333333,18043,-0.152507059,"testing food healthiness in neighboring countries",-0.192003161191187
"food","study_4",88,"experiment","Research the amount of people who suffer from issues like obesity, etc. in my country and compare to the amount in a neighboring country.",3,3,3,3,17839,0.307041027,"testing food healthiness in neighboring countries",0.690466144311051
"food","study_4",84,"experiment","Look at what type of ingredients are used within the foods and how they are health-wise.",2,3,2,2.333333333,17720,0.022105564,"testing food healthiness in neighboring countries",0.0972330878254381
"food","study_4",54,"experiment","make a survey amongst a sample to get their opinion on this",2,2,3,2.333333333,16896,-0.152507059,"testing food healthiness in neighboring countries",-0.192003161191187
"food","study_4",105,"experiment","try both foods for a set amount of time and see which one results in weight gain or weight loss",2,2,3,2.333333333,18272,-0.152507059,"testing food healthiness in neighboring countries",-0.192003161191187
"food","study_4",99,"experiment","Get a small sample of a community from each country and compare the types of food and nutrients",2,2,3,2.333333333,18118,-0.152507059,"testing food healthiness in neighboring countries",-0.192003161191187
"food","study_4",81,"experiment","Look at the statistics for overweight people in both countrys",2,2,3,2.333333333,17641,-0.152507059,"testing food healthiness in neighboring countries",-0.192003161191187
"food","study_4",100,"experiment","compare GDP",4,3,2,3,18147,0.298469441,"testing food healthiness in neighboring countries",0.588564644151372
"food","study_4",43,"experiment","the mayor of each town might have different rules for food aloowed there",5,2,NA,3.5,16600,0.164268389,"testing food healthiness in neighboring countries",0.18167784841212
"food","study_4",100,"experiment","compare populations",3,1,1,1.666666667,18149,-0.629198319,"testing food healthiness in neighboring countries",-1.29605284346806
"food","study_4",112,"experiment","Perform a study by giving people both types of food and evalutate how their body reacts",4,2,3,3,18455,0.123856818,"testing food healthiness in neighboring countries",0.385195731785799
"food","study_4",83,"experiment","look at weight differences in the two",2,2,3,2.333333333,17691,-0.152507059,"testing food healthiness in neighboring countries",-0.192003161191187
"food","study_4",31,"experiment","take samples of the food",2,1,2,1.666666667,16255,-0.620626732,"testing food healthiness in neighboring countries",-1.17998035075409
"food","study_4",70,"experiment","solely consume the food from the neighboring country while comparing your health to before eating the new food",2,2,3,2.333333333,17374,-0.152507059,"testing food healthiness in neighboring countries",-0.192003161191187
"food","study_4",70,"experiment","look at the demographics of the populations for both countries and compare their overall health",4,4,2,3.333333333,17373,0.619835588,"testing food healthiness in neighboring countries",1.06904745082024
"food","study_4",120,"experiment","i will hand out a survey to ask people if they think their food is healthy.",2,1,2,1.666666667,18662,-0.620626732,"testing food healthiness in neighboring countries",-1.17998035075409
"food","study_4",91,"experiment","I would look a rates of diabetes amongst both countries.",3,2,3,2.666666667,17925,-0.01432512,"testing food healthiness in neighboring countries",0.16933166843992
"food","study_4",58,"experiment","test qualtity of ingrediants",4,3,2,3,17005,0.298469441,"testing food healthiness in neighboring countries",0.588564644151372
"food","study_4",90,"experiment","Compare BMI and weight in both countries",3,3,3,3,17885,0.307041027,"testing food healthiness in neighboring countries",0.690466144311051
"food","study_4",38,"experiment","check body weight before an after eating both foods for about 3 weeks each.",3,3,3,3,16461,0.307041027,"testing food healthiness in neighboring countries",0.690466144311051
"food","study_4",40,"experiment","Find out if they eat fast food less than your countyr does",2,3,2,2.333333333,16515,0.022105564,"testing food healthiness in neighboring countries",0.0972330878254381
"food","study_4",95,"experiment","Visit the neighboring county and get a sample of 5 different meals offered. Eat the meals side by side of your o",2,2,NA,2,18023,-0.310710349,"testing food healthiness in neighboring countries",-0.570972353957729
"food","study_4",111,"experiment","Survey people from both countries and compare",2,2,2,2,18415,-0.299260584,"testing food healthiness in neighboring countries",-0.525050470132221
"food","study_4",82,"experiment","Look at mortality data and determine average lifespan.",3,3,2,2.666666667,17657,0.160287502,"testing food healthiness in neighboring countries",0.392834367922429
"food","study_4",67,"experiment","Check school lunches",4,3,2,3,17293,0.298469441,"testing food healthiness in neighboring countries",0.588564644151372
"food","study_4",82,"experiment","Survey to find out how many times per year an average citizen goes to the doctor.",3,2,2,2.333333333,17658,-0.161078646,"testing food healthiness in neighboring countries",-0.174225127023173
"food","study_4",89,"experiment","Take the vitals of people who have been living in both communities for X amount of years, and compare if the healthier food neighborhood has better levels",3,2,4,3,17864,0.132428405,"testing food healthiness in neighboring countries",0.33879117287375
"food","study_4",95,"experiment","Visit the neighoring county everyday for a month and take note of the food choices on the menu. Then compare it to your own counties menu. Tally up how many different food options, vegetables, cards, and sweets were offered each day.",2,4,3,3,18024,0.490225237,"testing food healthiness in neighboring countries",0.866730996624429
"food","study_4",58,"experiment","test amount of fat in both foods",2,2,2,2,17004,-0.299260584,"testing food healthiness in neighboring countries",-0.525050470132221
"food","study_4",96,"experiment","Take similar foods and compare their nutriental values.",2,2,2,2,18046,-0.299260584,"testing food healthiness in neighboring countries",-0.525050470132221
"food","study_4",91,"experiment","I would look at foo",NA,1,NA,1,17926,-0.711081391,"testing food healthiness in neighboring countries",-1.53265068738978
"food","study_4",100,"experiment","compare availability to infrastructure, resources, and healthcare",4,3,4,3.666666667,18145,0.591976491,"testing food healthiness in neighboring countries",1.1345599355509
"food","study_4",112,"experiment","Test the ingredients and quality of food from both countries and evaluate results",2,2,2,2,18456,-0.299260584,"testing food healthiness in neighboring countries",-0.525050470132221
"food","study_4",82,"experiment","Look at how much each country spends on social welfare/healthcare",4,4,2,3.333333333,17656,0.619835588,"testing food healthiness in neighboring countries",1.06904745082024
"food","study_4",65,"experiment","ask what people like to eat in each country",2,2,3,2.333333333,17217,-0.152507059,"testing food healthiness in neighboring countries",-0.192003161191187
"food","study_4",109,"experiment","Determine the nutrition value of the food in the neighboring country.",4,3,2,3,18372,0.298469441,"testing food healthiness in neighboring countries",0.588564644151372
"food","study_4",98,"experiment","see which foods are more effective in helping people lose weight",2,2,3,2.333333333,18090,-0.152507059,"testing food healthiness in neighboring countries",-0.192003161191187
"food","study_4",82,"experiment","Take a random sample of individuals from both countries and perform medical tests on them.",2,3,3,2.666666667,17659,0.168859089,"testing food healthiness in neighboring countries",0.414394278783475
"food","study_4",65,"experiment","compare avalability of foods in each counry",1,3,3,2.333333333,17218,0.03067715,"testing food healthiness in neighboring countries",0.191884134001551
"food","study_4",99,"experiment","Test the nutrients and chemicals in the same food in each country",2,2,3,2.333333333,18119,-0.152507059,"testing food healthiness in neighboring countries",-0.192003161191187
"food","study_4",40,"experiment","Find out if they GMOS are popular in their foods.",5,5,3,4.333333333,16516,1.2261372,"testing food healthiness in neighboring countries",2.09310331151017
"food","study_4",101,"experiment","To check air quality in the country.",4,2,1,2.333333333,18176,-0.169650232,"testing food healthiness in neighboring countries",-0.389314475451687
"food","study_4",88,"experiment","Research the benefits in the foods from my country and a neighboring country and compare them.",2,3,3,2.666666667,17840,0.168859089,"testing food healthiness in neighboring countries",0.414394278783475
"food","study_4",91,"experiment","I would compare athletic fitness amongst both indivduals from my country and the other country.",2,3,1,2,17923,-0.124647962,"testing food healthiness in neighboring countries",-0.206134062148495
"food","study_4",88,"experiment","Research the stipulations regarding what foods are and are not allowed to be served or sold in both countries and compare findings.",2,4,3,3,17841,0.490225237,"testing food healthiness in neighboring countries",0.866730996624429
"food","study_4",99,"experiment","Track people from each country and watch what they eat over a certain amount of time",2,3,3,2.666666667,18120,0.168859089,"testing food healthiness in neighboring countries",0.414394278783475
"food","study_4",98,"experiment","create an experiment where people eat different food and see who is healthier",2,3,3,2.666666667,18089,0.168859089,"testing food healthiness in neighboring countries",0.414394278783475
"food","study_4",100,"experiment","compare environmental factors that could impact access to healthy food - urban vs. rural co",3,4,3,3.333333333,18146,0.628407175,"testing food healthiness in neighboring countries",1.13388783765029
"food","study_4",112,"experiment","Evaluate the people of the neighboring country and compare them to my own country",2,2,2,2,18452,-0.299260584,"testing food healthiness in neighboring countries",-0.525050470132221
"food","study_4",106,"experiment","Test the chemicals and substances inside the food.",2,3,3,2.666666667,18294,0.168859089,"testing food healthiness in neighboring countries",0.414394278783475
"food","study_4",112,"experiment","Look at the obesity rates and life expectancies of both countries",2,2,3,2.333333333,18454,-0.152507059,"testing food healthiness in neighboring countries",-0.192003161191187
"food","study_4",46,"experiment","You only eat the food in the other country for a month, then come back and see if you are healthier.",2,2,3,2.333333333,16683,-0.152507059,"testing food healthiness in neighboring countries",-0.192003161191187
"food","study_4",85,"experiment","compare the same foods calories",2,2,2,2,17751,-0.299260584,"testing food healthiness in neighboring countries",-0.525050470132221
"food","study_4",99,"experiment","Compare grocery stores in the two countries",4,2,4,3.333333333,18117,0.270610343,"testing food healthiness in neighboring countries",0.610722554187985
"food","study_4",101,"experiment","To ask how many people go to hospital when they have which food.",5,2,2,3,18175,0.115285231,"testing food healthiness in neighboring countries",0.0701240487469563
"food","study_4",84,"experiment","Go on a 30-day diet two seperate times, using a different type of food for each one.",3,3,3,3,17719,0.307041027,"testing food healthiness in neighboring countries",0.690466144311051
"food","study_4",110,"experiment","check the changes in the body",3,2,3,2.666666667,18395,-0.01432512,"testing food healthiness in neighboring countries",0.16933166843992
"food","study_4",61,"experiment","Compare the number of farms and organically grown crops between the countries",2,4,3,3,17089,0.490225237,"testing food healthiness in neighboring countries",0.866730996624429
"food","study_4",85,"experiment","compare the same foods fat level",2,2,2,2,17752,-0.299260584,"testing food healthiness in neighboring countries",-0.525050470132221
"food","study_4",91,"experiment","I would have some people ea from the other country, and some eat for my country over a prolonged period of time, then test cholesterl levels",2,3,NA,2.5,17924,0.057504892,"testing food healthiness in neighboring countries",0.17396177748816
